xs,mean_lm,mean_lowess,UCI_lm,UCI_lowess,LCI_lm,LCI_lowess,PValue
0,0.424779960320082,,0.501408355161438,,0.346629111902208,,0.544
0.002,0.424791251702189,0.274591666750592,0.501235728395296,0.340410775109067,0.346862548964423,0.219556311450715,0.544
0.004,0.424802543084296,0.277147901036438,0.501063101629154,0.342018200330503,0.347095986026638,0.218533078553113,0.544
0.006,0.424813834466403,0.280755857745789,0.500890474863012,0.34386177983486,0.347329423088853,0.223015122417557,0.544
0.008,0.42482512584851,0.284391045956573,0.50071784809687,0.345731108897298,0.347562860151069,0.227851598160464,0.544
0.01,0.424836417230617,0.287905134008809,0.500545221330728,0.347428488043234,0.347796297213284,0.2327228006443,0.544
0.012,0.424847708612724,0.291373971530076,0.500372594564586,0.348852095091411,0.348029734275499,0.237536194093902,0.544
0.014,0.424858999994831,0.294797388504363,0.500208271717823,0.349745707674333,0.348263171337714,0.242350805466419,0.544
0.016,0.424870291376938,0.298175214915658,0.500053627231846,0.350466794062924,0.348496608399929,0.247748658318124,0.544
0.018,0.424881582759044,0.301507280747948,0.49989898274587,0.351224034032873,0.348730045462145,0.253138345712024,0.544
0.02,0.424892874141151,0.30479341598522,0.499744338259893,0.351969703189612,0.34896348252436,0.25807879960738,0.544
0.022,0.424904165523258,0.308033450611463,0.499589693773916,0.352778429876434,0.349196919586575,0.262424460517943,0.544
0.024,0.424915456905365,0.311227214610663,0.499435049287939,0.354495559100301,0.34943035664879,0.266905636623781,0.544
0.026,0.424926748287472,0.314374537966809,0.499280404801962,0.35639277708592,0.349663793711006,0.270649105897019,0.544
0.028,0.424938039669579,0.317475250663887,0.499125760315985,0.357375220591783,0.349897230773221,0.274540473377209,0.544
0.03,0.424949331051686,0.320529182685887,0.498971115830008,0.359788556974789,0.350130667835436,0.278470373862748,0.544
0.032,0.424960622433793,0.323536164016794,0.498816471344031,0.36248697317097,0.350364104897651,0.282008998528016,0.544
0.034,0.4249719138159,0.326496024640597,0.498661826858054,0.364597337800017,0.350597541959867,0.285491564314119,0.544
0.036,0.424983205198007,0.329408594541283,0.498507182372078,0.366501063964731,0.350830979022082,0.289343923581525,0.544
0.038,0.424994496580114,0.332273703702841,0.498352537886101,0.369369662000488,0.351064416084297,0.2937737607593,0.544
0.04,0.425005787962221,0.33509118793489,0.498197893400124,0.372148103843617,0.351297853146512,0.298345659836016,0.544
0.042,0.425017079344328,0.337860902543489,0.498043248914147,0.373969064707958,0.351531290208728,0.301436450068078,0.544
0.044,0.425028370726435,0.340582701252961,0.49788860442817,0.375659010441715,0.351764727270943,0.305280320190531,0.544
0.046,0.425039662108542,0.343256448648975,0.497733959942193,0.377302988906505,0.351998164333158,0.308982914085637,0.544
0.048,0.425050953490649,0.345882008569869,0.497579315456216,0.379363053484318,0.352231601395373,0.311552745226009,0.544
0.05,0.425062244872756,0.348459220353585,0.497424670970239,0.381704521456374,0.352465038457589,0.314794471251349,0.544
0.052,0.425073536254863,0.350987863769169,0.497270026484262,0.383222156697204,0.352698475519804,0.317751527590325,0.544
0.054,0.42508482763697,0.353467549357056,0.497115381998285,0.385310187536967,0.352931912582019,0.320659901891693,0.544
0.056,0.425096119019077,0.355897924133789,0.496960737512309,0.38674466895735,0.353165349644234,0.32262609934784,0.544
0.058,0.425107410401184,0.358278553240568,0.496806093026332,0.389144577390026,0.35339878670645,0.324572398640657,0.544
0.06,0.425118701783291,0.360609107277659,0.496651448540355,0.391482693284014,0.353632223768665,0.326362940957232,0.544
0.062,0.425129993165398,0.362889330195231,0.496496804054378,0.394800278084585,0.35386566083088,0.328606884539748,0.544
0.064,0.425141284547505,0.365119233539123,0.496342159568401,0.397511961624172,0.354099097893095,0.330875630375257,0.544
0.066,0.425152575929612,0.367298561852285,0.496187515082424,0.399784294766262,0.354332534955311,0.333144906983943,0.544
0.068,0.425163867311719,0.369427383947605,0.496032870596447,0.402292369207273,0.354565972017526,0.335323130660459,0.544
0.07,0.425175158693825,0.371505726898933,0.49587822611047,0.404759791899811,0.354799409079741,0.337284218492298,0.544
0.072,0.425186450075932,0.373533345539533,0.495723581624493,0.407158129491975,0.355032846141956,0.339183395334407,0.544
0.074,0.425197741458039,0.375509795587985,0.495568937138517,0.409138100335037,0.355266283204172,0.340472443581832,0.544
0.076,0.425209032840146,0.377434994305761,0.49541429265254,0.411166433515457,0.355499720266387,0.341678427549083,0.544
0.078,0.425220324222253,0.379309281475061,0.495259648166563,0.413131374009192,0.355733157328602,0.34286167371455,0.544
0.08,0.42523161560436,0.38113319734319,0.495105003680586,0.414369250514362,0.355966594390817,0.344032004092976,0.544
0.082,0.425242906986467,0.382907351071306,0.494950359194609,0.4160178884021,0.356200031453032,0.345189321776116,0.544
0.084,0.425254198368574,0.384632514780343,0.494795714708632,0.417709431308842,0.356433468515248,0.346462751008575,0.544
0.086,0.425265489750681,0.386308804087013,0.494641070222655,0.419261641538782,0.356666905577463,0.348237552703056,0.544
0.088,0.425276781132788,0.387936418530538,0.494486425736678,0.420928981685105,0.356900342639678,0.349877264072703,0.544
0.09,0.425288072514895,0.38951590205376,0.494331781250701,0.422984902898933,0.357133779701893,0.351382318739219,0.544
0.092,0.425299363897002,0.391047943255819,0.494177136764724,0.425377667170475,0.357367216764109,0.352641648333604,0.544
0.094,0.425310655279109,0.392533582645708,0.494022492278748,0.427059530582226,0.357600653826324,0.354281195097748,0.544
0.096,0.425321946661216,0.3939739100133,0.493867847792771,0.429218223465024,0.357834090888539,0.355448597868258,0.544
0.098,0.425333238043323,0.395369926219012,0.493713203306794,0.431906602553075,0.358067527950754,0.356568985675994,0.544
0.1,0.42534452942543,0.396721140365298,0.493558558820817,0.43388537966828,0.35830096501297,0.357938461639783,0.544
0.102,0.425355820807537,0.398028156970088,0.49340391433484,0.434907531660165,0.358534402075185,0.359277953419593,0.544
0.104,0.425367112189644,0.399291566574764,0.493249269848863,0.435662197494524,0.3587678391374,0.360231352569611,0.544
0.106,0.425378403571751,0.40051259209915,0.493094625362886,0.437084837228877,0.359001276199615,0.36097441450457,0.544
0.108,0.425389694953858,0.401691628334205,0.492939980876909,0.439109689909974,0.359207203243102,0.361713045497002,0.544
0.11,0.425400986335965,0.402828581726897,0.492785336390932,0.440621836491698,0.359388168918113,0.362518785860141,0.544
0.112,0.425412277718072,0.403921890154946,0.492630691904956,0.442210136986329,0.359548405619863,0.363359277634129,0.544
0.114,0.425423569100179,0.404971561660643,0.492476047418979,0.443995957371965,0.359708642321612,0.364193684689142,0.544
0.116,0.425434860482285,0.405977384881007,0.492321402933002,0.445714003945468,0.359868879023362,0.365167802593434,0.544
0.118,0.425446151864392,0.406938424658289,0.492166758447025,0.447343479639143,0.360029115725112,0.366115747360017,0.544
0.12,0.425457443246499,0.407850702259054,0.492012113961048,0.448437024419977,0.360189352426862,0.366924003412232,0.544
0.122,0.425468734628606,0.408710031095272,0.491857469475071,0.449714160947513,0.360349589128612,0.367943466841818,0.544
0.124,0.425480026010713,0.409514409900108,0.491702824989094,0.450598957053994,0.360509825830362,0.368786172520297,0.544
0.126,0.42549131739282,0.410264266961095,0.491548180503117,0.450840877395342,0.360670062532112,0.369144186607054,0.544
0.128,0.425502608774927,0.410960308071092,0.49139353601714,0.451670437619376,0.360830299233861,0.369620878167604,0.544
0.13,0.425513900157034,0.411605525273739,0.491238891531163,0.452006662478892,0.360990535935611,0.370401989610762,0.544
0.132,0.425525191539141,0.41220434512251,0.491084247045186,0.452260916178304,0.361150772637361,0.370934888634689,0.544
0.134,0.425536482921248,0.412759423648077,0.49092960255921,0.45317369709561,0.361311009339111,0.371615516561271,0.544
0.136,0.425547774303355,0.41327363417325,0.490774958073233,0.454038664365377,0.361471246040861,0.372074976967385,0.544
0.138,0.425559065685462,0.413751268759525,0.490620313587256,0.454847581762124,0.361631482742611,0.372381294312732,0.544
0.14,0.425570357067569,0.414196189422148,0.490465669101279,0.455814724336212,0.361791719444361,0.37298684495745,0.544
0.142,0.425581648449676,0.414612431388128,0.490311024615302,0.456446465797935,0.361951956146111,0.373410691470548,0.544
0.144,0.425592939831783,0.415005740827832,0.490156380129325,0.457019255888796,0.36211219284786,0.374419643122453,0.544
0.146,0.42560423121389,0.415381088560128,0.49000355457637,0.457560468340203,0.36227242954961,0.374999101818911,0.544
0.148,0.425615522595997,0.415742571269842,0.489859100514578,0.458493378286323,0.36243266625136,0.375267787179178,0.544
0.15,0.425626813978104,0.416095333863721,0.489714646452785,0.459032367889385,0.36259290295311,0.375901708105789,0.544
0.152,0.425638105360211,0.416444507871367,0.489570192390992,0.45962055478634,0.36275313965486,0.376538787011918,0.544
0.154,0.425649396742318,0.416794188975715,0.489425738329199,0.459962797864567,0.36291337635661,0.376940605635323,0.544
0.156,0.425660688124425,0.41714813276579,0.489281284267406,0.46072095968056,0.36307361305836,0.377197476216681,0.544
0.158,0.425671979506532,0.417510212302653,0.489136830205613,0.461652881614144,0.36323384976011,0.377018017162475,0.544
0.16,0.425683270888639,0.417884468080077,0.48899237614382,0.462550022341227,0.363394086461859,0.377436075590357,0.544
0.162,0.425694562270746,0.418273362245395,0.488847922082027,0.463223397734752,0.363554323163609,0.37786425448597,0.544
0.164,0.425705853652853,0.418677256467887,0.488703468020234,0.463823587233916,0.363714559865359,0.378306573211305,0.544
0.166,0.425717145034959,0.419097088605992,0.488559013958441,0.464377079535076,0.363874796567109,0.378767306539436,0.544
0.168,0.425728436417066,0.419533448586677,0.488414559896648,0.465508490932243,0.364035033268859,0.378881614370337,0.544
0.17,0.425739727799173,0.419986813760945,0.488270105834855,0.465851688519965,0.364195269970609,0.378778481062713,0.544
0.172,0.42575101918128,0.420456678008131,0.488126525371444,0.466161739992803,0.364355506672359,0.378292507905923,0.544
0.174,0.425762310563387,0.420941545661706,0.487983684751248,0.466053940950793,0.364515743374108,0.377781792300789,0.544
0.176,0.425773601945494,0.421438919811875,0.487840844131052,0.465674472524354,0.364675980075858,0.377528033457123,0.544
0.178,0.425784893327601,0.421945452661162,0.487698003510856,0.465742406249771,0.364836216777608,0.377903892323759,0.544
0.18,0.425796184709708,0.422458998025591,0.48755516289066,0.467045381619735,0.364996453479358,0.378497868008281,0.544
0.182,0.425807476091815,0.422977082448137,0.487412322270464,0.468592784790883,0.365156690181108,0.379519410043223,0.544
0.184,0.425818767473922,0.423495612407913,0.487269481650268,0.469858700580433,0.365316926882858,0.380081823058219,0.544
0.186,0.425830058856029,0.424010717706127,0.487126641030072,0.470193833580133,0.365477163584608,0.380219575731075,0.544
0.188,0.425841350238136,0.424517283907084,0.486983800409876,0.469778586476241,0.365637400286358,0.380674150660748,0.544
0.19,0.425852641620243,0.42501097488069,0.48684095978968,0.469317569822235,0.365797636988107,0.381045429705542,0.544
0.192,0.42586393300235,0.425488143766019,0.486688744988977,0.469383431255802,0.365957873689857,0.381626571122356,0.544
0.194,0.425875224384457,0.425944837989295,0.486518645800997,0.470017685727519,0.366118110391607,0.382054461240361,0.544
0.196,0.425886515766564,0.426376136544925,0.486348546613016,0.470087042126289,0.366278347093357,0.38217905822997,0.544
0.198,0.425897807148671,0.426778756859641,0.486178447425036,0.470797952315549,0.366438583795107,0.382898737904433,0.544
0.2,0.425909098530778,0.427148706528576,0.486008348237056,0.471848338035373,0.366598820496857,0.383381911003945,0.544
0.202,0.425920389912885,0.427483440676045,0.485838249049075,0.471925214707217,0.366759057198607,0.383545407101908,0.544
0.204,0.425931681294992,0.427779177650757,0.485668149861095,0.472518939207912,0.366919293900357,0.383817908534798,0.544
0.206,0.425942972677099,0.428032620771525,0.485498050673115,0.473003452687223,0.367079530602106,0.384990308966213,0.544
0.208,0.425954264059206,0.428240199903772,0.485327951485135,0.473375166383925,0.367239767303856,0.385223482594697,0.544
0.21,0.425965555441313,0.42839881485595,0.485157852297155,0.472867386280792,0.367400004005606,0.384733242087316,0.544
0.212,0.42597684682342,0.428508536698181,0.484987753109174,0.472487927872858,0.367560240707356,0.385082456785403,0.544
0.214,0.425988138205527,0.428569523104064,0.484817653921194,0.472021968289594,0.367720477409106,0.385307898413402,0.544
0.216,0.425999429587633,0.428581586814212,0.484647554733214,0.472006113833189,0.367880714110856,0.385877118510782,0.544
0.218,0.42601072096974,0.428548169591789,0.484477455545234,0.471945306912492,0.368040950812606,0.3860722162965,0.544
0.22,0.426022012351847,0.428472729819998,0.484307356357253,0.47142916666025,0.368201187514356,0.385976701714015,0.544
0.222,0.426033303733954,0.428359585406281,0.484139693681148,0.470615163526604,0.368361424216105,0.385976613765087,0.544
0.224,0.426044595116061,0.428211492945694,0.483975135568846,0.469941441144527,0.368521660917855,0.386145690982942,0.544
0.226,0.426055886498168,0.42803460283859,0.483817294209941,0.469901922628342,0.368681897619605,0.38621705215802,0.544
0.228,0.426067177880275,0.427837347617787,0.483663190489331,0.470374576504715,0.368842134321355,0.386319207453415,0.544
0.23,0.426078469262382,0.427628387875436,0.483509086768721,0.470780174950099,0.369002371023105,0.386272524934246,0.544
0.232,0.426089760644489,0.427413871481289,0.483354983048111,0.469846643166588,0.369162607724855,0.385596046920914,0.544
0.234,0.426101052026596,0.427200126053497,0.483200879327501,0.470567957125964,0.369322844426605,0.385439761984818,0.544
0.236,0.426112343408703,0.426994261218663,0.483046775606891,0.470257961078752,0.369483081128354,0.38443160258627,0.544
0.238,0.42612363479081,0.426801334127021,0.482892671886281,0.468476286005181,0.369643317830104,0.383502970101959,0.544
0.24,0.426134926172917,0.426624700750301,0.482738568165671,0.469010183948032,0.369803554531854,0.383261061972015,0.544
0.242,0.426146217555024,0.426466594829143,0.482584464445061,0.469406582807643,0.369963791233604,0.38318652813041,0.544
0.244,0.426157508937131,0.426329330325384,0.482430360724451,0.469008301576297,0.370124027935354,0.382190360802525,0.544
0.246,0.426168800319238,0.426210821754179,0.482276257003842,0.468832989671093,0.370284264637104,0.382022040054826,0.544
0.248,0.426180091701345,0.426104932417193,0.482122153283232,0.470069681189336,0.370444501338854,0.381994220712735,0.544
0.25,0.426191383083452,0.426005990734788,0.481968049562622,0.470776437253628,0.370604738040603,0.382072312004629,0.544
0.252,0.426202674465559,0.425907319402646,0.481813945842012,0.470922495876689,0.370764974742353,0.38175863331922,0.544
0.254,0.426213965847666,0.425804964100106,0.481659842121402,0.47094878244269,0.370925211444103,0.381168662799582,0.544
0.256,0.426225257229773,0.42569888441296,0.481505738400792,0.470565435637095,0.371085448145853,0.381104235038892,0.544
0.258,0.42623654861188,0.425589437771482,0.481351634680182,0.470381849998268,0.371245684847603,0.381555348951412,0.544
0.26,0.426247839993987,0.425475176937212,0.481197530959572,0.470212056060068,0.371405921549353,0.382065981653299,0.544
0.262,0.426259131376094,0.425358721807562,0.481043427238962,0.469692506183176,0.371566158251103,0.381808880503753,0.544
0.264,0.426270422758201,0.425243545193166,0.48088867297551,0.469796405308951,0.371726394952853,0.38133937334231,0.544
0.266,0.426281714140307,0.425129355364302,0.480676375839832,0.469870094557885,0.371886631654602,0.380368879592784,0.544
0.268,0.426293005522414,0.425016814781333,0.480464078704153,0.46980917814576,0.372046868356352,0.379446243241167,0.544
0.27,0.426304296904521,0.424909361758375,0.480255235371213,0.46925639102293,0.372207105058102,0.379478334631355,0.544
0.272,0.426315588286628,0.424808594588387,0.480047939700174,0.469305894217774,0.372367341759852,0.379237280639223,0.544
0.274,0.426326879668735,0.424716287065044,0.479840644029135,0.469059866910159,0.372527578461602,0.378498964030597,0.544
0.276,0.426338171050842,0.424633061242629,0.479633348358096,0.468768154760686,0.372687815163352,0.378449642239946,0.544
0.278,0.426349462432949,0.424561852469965,0.479426052687057,0.468273055269242,0.372848051865102,0.377729219104747,0.544
0.28,0.426360753815056,0.424505302290369,0.479231500431615,0.469340817873177,0.373008288566852,0.377460422037973,0.544
0.282,0.426372045197163,0.42446776628367,0.479062383856112,0.471213300652709,0.373168525268601,0.377603182859897,0.544
0.284,0.42638333657927,0.424455286708259,0.47889326728061,0.470723846883351,0.373328761970351,0.377760334705361,0.544
0.286,0.426394627961377,0.424471522500828,0.478724150705107,0.470675137580917,0.373488998672101,0.378052380550161,0.544
0.288,0.426405919343484,0.424523172267801,0.478555034129605,0.470443154246774,0.373649235373851,0.378880174530432,0.544
0.29,0.426417210725591,0.424618157827337,0.478385917554102,0.470672340631479,0.373879080627064,0.37971401246678,0.544
0.292,0.426428502107698,0.424762011712189,0.4782168009786,0.470922851204248,0.374111656967522,0.379786718447145,0.544
0.294,0.426439793489805,0.424959464482569,0.478047684403097,0.471812579968173,0.374344056492321,0.379305664855406,0.544
0.296,0.426451084871912,0.425218953294345,0.477878567827595,0.473255729751323,0.37457645601712,0.379765112021713,0.544
0.298,0.426462376254019,0.425543218942686,0.477709451252093,0.474811923308173,0.374808855541919,0.379029757959686,0.544
0.3,0.426473667636126,0.425935961816413,0.47754033467659,0.475211703469851,0.375041255066718,0.377851618616039,0.544
0.302,0.426484959018233,0.42640324136415,0.477371218101088,0.474768566399131,0.375273654591517,0.377777725092697,0.544
0.304,0.42649625040034,0.426943569302339,0.477202101525585,0.474340626765341,0.375506054116316,0.378882844946132,0.544
0.306,0.426507541782447,0.427553172460367,0.477032984950083,0.474242728778107,0.375738453641115,0.379519540469606,0.544
0.308,0.426518833164554,0.428229255364761,0.47686386837458,0.474680620541242,0.375970853165914,0.38022268763345,0.544
0.31,0.426530124546661,0.428973709472356,0.476694751799078,0.475340268550862,0.376203252690713,0.380992324391038,0.544
0.312,0.426541415928767,0.42978288875414,0.476525635223576,0.476097927651326,0.376477309163155,0.381835279327166,0.544
0.314,0.426552707310874,0.430652261481784,0.476356518648073,0.476857409250777,0.376763816689856,0.382746258124859,0.544
0.316,0.426563998692981,0.431572306496389,0.476187402072571,0.477623818809066,0.377050324216558,0.383634476071827,0.544
0.318,0.426575290075088,0.432532143859008,0.476018285497068,0.478177570339773,0.377286970259895,0.385142540492606,0.544
0.32,0.426586581457195,0.43351725903726,0.475849168921566,0.479695300853066,0.377501984826009,0.387659892257496,0.544
0.322,0.426597872839302,0.434513554818754,0.475686830044285,0.480597133787483,0.377716999392124,0.390035215708703,0.544
0.324,0.426609164221409,0.435500701749122,0.475563284949862,0.480808892513191,0.377932013958239,0.392068314158808,0.544
0.326,0.426620455603516,0.436463413129886,0.475439739855438,0.480898523935846,0.378147028524354,0.393384630404062,0.544
0.328,0.426631746985623,0.437385328474499,0.475316194761015,0.481548645990988,0.378362043090468,0.394344844137439,0.544
0.33,0.42664303836773,0.438252572090616,0.475192649666591,0.482881521639711,0.378577057656583,0.394576163440853,0.544
0.332,0.426654329749837,0.439055246216346,0.475069104572168,0.483537338644922,0.378792072222698,0.395415224773362,0.544
0.334,0.426665621131944,0.439782701282013,0.474945559477744,0.484159552700147,0.379007086788812,0.397013407714875,0.544
0.336,0.426676912514051,0.440423738092911,0.474822014383321,0.484125091066282,0.379222101354927,0.398936684380765,0.544
0.338,0.426688203896158,0.440965569594012,0.474698469288897,0.484092251938978,0.379437115921042,0.399704233320283,0.544
0.34,0.426699495278265,0.441397812141885,0.474574924194474,0.484356360168276,0.379652130487156,0.400458156478328,0.544
0.342,0.426710786660372,0.441721498122205,0.47445137910005,0.486060034571693,0.379867145053271,0.401625335335944,0.544
0.344,0.426722078042479,0.441944094107968,0.474327834005627,0.486429756591254,0.380082159619386,0.400698200305326,0.544
0.346,0.426733369424586,0.442069546957102,0.474204288911203,0.48584807714724,0.3802971741855,0.401226168268933,0.544
0.348,0.426744660806693,0.442102746739864,0.474083289694793,0.485125045893471,0.380512188751615,0.401197436537608,0.544
0.35,0.4267559521888,0.442051723986437,0.4739635589859,0.484894839761968,0.380724973862121,0.401048483982581,0.544
0.352,0.426767243570907,0.441923323528912,0.473843828277007,0.48497803469361,0.380934825783068,0.399955083455677,0.544
0.354,0.426778534953014,0.441718124784551,0.473724097568114,0.484612948143982,0.381144677704016,0.3992785273946,0.544
0.356,0.426789826335121,0.4414451854233,0.473604366859221,0.484867935255035,0.381354529624964,0.398948856399968,0.544
0.358,0.426801117717228,0.441120320095058,0.473484636150328,0.484377476773546,0.381564381545912,0.398795408253383,0.544
0.36,0.426812409099334,0.440751740164963,0.473364905441435,0.484619584477046,0.381774233466859,0.397138151723008,0.544
0.362,0.426823700481441,0.440340456171867,0.473245174732542,0.485437473240398,0.381939683486677,0.395897172553522,0.544
0.364,0.426834991863548,0.439891277733628,0.473125444023649,0.485202553514377,0.382088592690711,0.395090926636894,0.544
0.366,0.426846283245655,0.439408988739412,0.473005713314756,0.486260435725478,0.382237501894744,0.394407479480688,0.544
0.368,0.426857574627762,0.438893034690899,0.472875930046638,0.485837010525887,0.382386411098778,0.394106055758166,0.544
0.37,0.426868866009869,0.43834413280027,0.472721826326028,0.484589211961618,0.382535320302812,0.392785445292696,0.544
0.372,0.426880157391976,0.437756729291719,0.472567722605418,0.484234249462501,0.382684229506845,0.392146408099531,0.544
0.374,0.426891448774083,0.437128826050148,0.472413618884808,0.482365082204121,0.382833138710879,0.390474446988693,0.544
0.376,0.42690274015619,0.436462933483206,0.472259515164198,0.481410136165394,0.382982047914912,0.388411500718169,0.544
0.378,0.426914031538297,0.43575818366789,0.47204888803968,0.480513166493947,0.383130957118946,0.387081032221535,0.544
0.38,0.426925322920404,0.435022850468527,0.471774708143422,0.480175564924888,0.383279866322979,0.385815588179689,0.544
0.382,0.426936614302511,0.434265994718128,0.471500528247163,0.479056718398799,0.383428775527013,0.384644610257167,0.544
0.384,0.426947905684618,0.433502531318813,0.471226348350905,0.477789222252326,0.383577684731047,0.383496867490941,0.544
0.386,0.426959197066725,0.432744846675585,0.470958695705952,0.476651209846728,0.38372659393508,0.383522445359412,0.544
0.388,0.426970488448832,0.432001544680105,0.470695410870579,0.475711782782167,0.383875503139114,0.38339573089751,0.544
0.39,0.426981779830939,0.43128449204569,0.470432126035206,0.475346787320736,0.384024412343147,0.383506941616573,0.544
0.392,0.426993071213046,0.430605648978987,0.470168841199833,0.475456110304242,0.384173321547181,0.38148384126449,0.544
0.394,0.427004362595153,0.429969439227139,0.46990555636446,0.476275891290218,0.384322230751215,0.381498817674723,0.544
0.396,0.42701565397726,0.429381755526312,0.469642271529087,0.47691656616281,0.384471139955248,0.382639842910166,0.544
0.398,0.427026945359367,0.428847945871554,0.469378986693714,0.476530913362011,0.384620049159282,0.381983276233809,0.544
0.4,0.427038236741474,0.428373382336442,0.469115701858341,0.475337386919447,0.384768958363315,0.38099534743306,0.544
0.402,0.427049528123581,0.427963881164936,0.468947261554444,0.47418901726273,0.384917867567349,0.381376396590192,0.544
0.404,0.427060819505688,0.427617577480687,0.468734107359488,0.473933452427384,0.385066776771382,0.381457420289314,0.544
0.406,0.427072110887795,0.427325736788922,0.46851480687799,0.472697952393912,0.385215685975416,0.381899174541667,0.544
0.408,0.427083402269902,0.42708582047416,0.468295506396493,0.471913793069741,0.385364321935409,0.382411559037577,0.544
0.41,0.427094693652009,0.426892035412992,0.468076205914995,0.47201273291871,0.385511978761776,0.383110649317362,0.544
0.412,0.427105985034116,0.42673356734902,0.467856905433498,0.472292489229966,0.385659635588144,0.384042032171625,0.544
0.414,0.427117276416222,0.426604836597888,0.467637604952,0.471192109637752,0.385807292414511,0.383402408592144,0.544
0.416,0.427128567798329,0.426501423358354,0.467418304470503,0.470261611248403,0.385954949240879,0.38438110282473,0.544
0.418,0.427139859180436,0.426416434608029,0.467201851446254,0.469687443173112,0.386102606067246,0.384312872978325,0.544
0.42,0.427151150562543,0.426340033057829,0.467013666792913,0.469213828201001,0.386250262893614,0.384634571343633,0.544
0.422,0.42716244194465,0.426263466906471,0.466907671043504,0.467733212838144,0.386389250121185,0.385352204584572,0.544
0.424,0.427173733326757,0.426185172007558,0.466801675294095,0.467144132884778,0.386544933273359,0.386181493638602,0.544
0.426,0.427185024708864,0.42610689063618,0.466695679544685,0.467434843504896,0.386701704242865,0.385987717752397,0.544
0.428,0.427196316090971,0.426036678179137,0.466589683795276,0.466920627220804,0.386840890199083,0.385673077333719,0.544
0.43,0.427207607473078,0.425973316396785,0.466483688045867,0.466084983366765,0.386988547025451,0.386022989395728,0.544
0.432,0.427218898855185,0.425914288050018,0.466360650624852,0.465598578011865,0.387136203851818,0.385696586164468,0.544
0.434,0.427230190237292,0.425861295043436,0.466174367502934,0.464766738440385,0.387283860678185,0.385163371533556,0.544
0.436,0.427241481619399,0.425808783287522,0.465992494752046,0.464643394203344,0.387431517504553,0.38614371236724,0.544
0.438,0.427252773001506,0.425749445022957,0.465813746206852,0.464349911653433,0.38757917433092,0.387284421065948,0.544
0.44,0.427264064383613,0.425677034477017,0.465634997661659,0.463491660327888,0.387726831157288,0.389161186898318,0.544
0.442,0.42727535576572,0.425592297656008,0.465456249116465,0.463214300168121,0.387874487983655,0.388685377193039,0.544
0.444,0.427286647147827,0.425499578562391,0.465277500571271,0.463068753595631,0.388022144810023,0.388189544236158,0.544
0.446,0.427297938529934,0.425406709411227,0.465119527417429,0.462641227784912,0.38816980163639,0.387089183883965,0.544
0.448,0.427309229912041,0.425316292193955,0.465009466432787,0.462401327693274,0.388317458462757,0.387212012192375,0.544
0.45,0.427320521294148,0.425225120766036,0.464899405448145,0.461574459019091,0.388465115289125,0.38744477732839,0.544
0.452,0.427331812676255,0.425139295936807,0.464789344463504,0.462205710848006,0.388612772115492,0.38671063463184,0.544
0.454,0.427343104058362,0.425067161777942,0.464679283478862,0.46243777458492,0.388788351492023,0.385852967919559,0.544
0.456,0.427354395440469,0.425017832060611,0.46456922249422,0.462898199663867,0.389013794167,0.38559436157413,0.544
0.458,0.427365686822576,0.425003192152756,0.464459161509578,0.462149226547875,0.389239236841978,0.385779107435196,0.544
0.46,0.427376978204682,0.425026172282249,0.464349100524937,0.461402532821074,0.389464679516955,0.385417504709112,0.544
0.462,0.427388269586789,0.425083281533457,0.464239039540295,0.46093357866968,0.389690122191932,0.38551249374353,0.544
0.464,0.427399560968896,0.425176856868605,0.464128978555653,0.460273037646496,0.38991120451482,0.38577448359579,0.544
0.466,0.427410852351003,0.425310993884943,0.464018917571011,0.46090203041818,0.390130491391406,0.386842135200768,0.544
0.468,0.42742214373311,0.425478326515503,0.46390885658637,0.461232089294568,0.390349778267991,0.387519594617235,0.544
0.47,0.427433435115217,0.425674496759668,0.463798795601728,0.46176067100041,0.390569065144577,0.387456036812784,0.544
0.472,0.427444726497324,0.42588592896174,0.463688734617086,0.462972948943642,0.390788352021162,0.387179042962615,0.544
0.474,0.427456017879431,0.426104852616662,0.463574549899321,0.464171921103122,0.391007638897748,0.387972901087091,0.544
0.476,0.427467309261538,0.426329024419518,0.463436867777092,0.464546013215978,0.391226925774333,0.388984730220328,0.544
0.478,0.427478600643645,0.426565817641912,0.463299185654862,0.464588309296816,0.391375556696887,0.389499542566601,0.544
0.48,0.427489892025752,0.426814729983907,0.463161503532633,0.465236012444067,0.391510370654441,0.390061639176999,0.544
0.482,0.427501183407859,0.427078161755148,0.463030774899285,0.465081214594712,0.391645184611994,0.390964000958704,0.544
0.484,0.427512474789966,0.427356579325272,0.462903134524285,0.464938690570513,0.391779998569548,0.392204015673864,0.544
0.486,0.427523766172073,0.427656022511802,0.462775494149285,0.464492232750768,0.391914812527102,0.393800761421263,0.544
0.488,0.42753505755418,0.427980115248273,0.462647853774285,0.464118597640547,0.392049626484655,0.394350359785495,0.544
0.49,0.427546348936287,0.428341193382675,0.462520213399285,0.464094906001905,0.392184440442209,0.39393511274232,0.544
0.492,0.427557640318394,0.428742926130233,0.462392573024285,0.464908990359264,0.392319254399762,0.393228615302103,0.544
0.494,0.427568931700501,0.429192537738619,0.462264932649284,0.465461278250573,0.392454068357316,0.395414676906065,0.544
0.496,0.427580223082608,0.429698916219634,0.462137292274284,0.466271382764497,0.39258888231487,0.395269222635625,0.544
0.498,0.427591514464715,0.430261907682979,0.462009651899284,0.4677093441611,0.392723696272423,0.394667927453801,0.544
0.5,0.427602805846822,0.430880972700614,0.461882011524284,0.468263933013165,0.392858510229977,0.394056960474585,0.544
0.502,0.427614097228929,0.431546016967962,0.461754477302948,0.469587059392783,0.39299332418753,0.394217063564326,0.544
0.504,0.427625388611036,0.43224432263997,0.461630220231312,0.469909102522172,0.393128138145084,0.395361776402606,0.544
0.506,0.427636679993143,0.432959124073641,0.461505963159677,0.471229612088039,0.39323442310394,0.396293673597131,0.544
0.508,0.42764797137525,0.43367012966332,0.461381706088041,0.47275877530297,0.393306101857586,0.397157613352748,0.544
0.51,0.427659262757356,0.434364748822216,0.461257449016406,0.472850187230068,0.393356997104384,0.398119543769856,0.544
0.512,0.427670554139463,0.435025713240054,0.461137327617078,0.47366523716157,0.393407892351182,0.398922938697553,0.544
0.514,0.42768184552157,0.435631551770937,0.461035170180176,0.473410041663166,0.393458787597979,0.400541695395785,0.544
0.516,0.427693136903677,0.436174587573206,0.460916646745833,0.474880848493247,0.393509682844777,0.399750623918084,0.544
0.518,0.427704428285784,0.436649591042738,0.46077013683246,0.476604790533843,0.393560578091575,0.400371406500981,0.544
0.52,0.427715719667891,0.437044537328262,0.460623626919088,0.478688828191154,0.393611473338373,0.39906117442222,0.544
0.522,0.427727011049998,0.437353517077604,0.460477117005716,0.480740291801704,0.393723250023146,0.397857677867818,0.544
0.524,0.427738302432105,0.437575391255194,0.460330607092343,0.481393864042206,0.393868342198524,0.397196923432034,0.544
0.526,0.427749593814212,0.437717131716533,0.460184097178971,0.480202890815407,0.394013434373902,0.395892444834654,0.544
0.528,0.427760885196319,0.437791005581349,0.460039446659539,0.47972188564758,0.394157104901426,0.395867659949698,0.544
0.53,0.427772176578426,0.437809553229143,0.459906710103523,0.479594129598699,0.394395125078025,0.3944408126932,0.544
0.532,0.427783467960533,0.437777872737503,0.459796964239652,0.479033515722202,0.394578850923946,0.392788392836978,0.544
0.534,0.42779475934264,0.437698961047775,0.459687218375781,0.479789759904759,0.39465045738514,0.391192397449954,0.544
0.536,0.427806050724747,0.437584669873123,0.45957747251191,0.479905598604747,0.394721684370482,0.389635737198297,0.544
0.538,0.427817342106854,0.437446441174355,0.459467726648039,0.479277012973393,0.3947838459137,0.387800352687434,0.544
0.54,0.427828633488961,0.437288126670396,0.459357980784168,0.479391327433415,0.39485054017798,0.387573261270468,0.544
0.542,0.427839924871068,0.437118158646752,0.459248234920297,0.478774983970609,0.39491723444226,0.387663087987281,0.544
0.544,0.427851216253175,0.436928642919471,0.459138489056426,0.479316893025535,0.394983928706541,0.388552244970673,0.544
0.546,0.427862507635282,0.43671872845192,0.459028743192554,0.480364641896954,0.395050622970821,0.390396235895216,0.544
0.548,0.427873799017389,0.436496500314256,0.458918997328683,0.480464702280302,0.395117317235101,0.392069899435513,0.544
0.55,0.427885090399496,0.436262590132108,0.458809251464812,0.480258052847408,0.395184011499381,0.391247967514252,0.544
0.552,0.427896381781603,0.436017996434876,0.458699660255765,0.47822748020091,0.395264023481155,0.391212854467461,0.544
0.554,0.42790767316371,0.435755562472738,0.458590283902029,0.477351381723443,0.395373787522269,0.391263481988466,0.544
0.556,0.427918964545817,0.435478889351588,0.458480907548293,0.476958895301341,0.395483551563383,0.392050656672393,0.544
0.558,0.427930255927924,0.435182833504156,0.458371531194557,0.477932135671099,0.395593315604497,0.392698124236646,0.544
0.56,0.42794154731003,0.434869356404424,0.458262154840821,0.47677439264921,0.395707154440755,0.393166729656447,0.544
0.562,0.427952838692137,0.434547800420799,0.458152778487084,0.476359864132881,0.395858771646141,0.393362116395898,0.544
0.564,0.427964130074244,0.434226100334588,0.458043402133348,0.474611842236416,0.396034428326883,0.39393468069958,0.544
0.566,0.427975421456351,0.43391599076723,0.457934025779612,0.473426917407128,0.396216277058093,0.393095725272086,0.544
0.568,0.427986712838458,0.433625120830983,0.457824649425876,0.472290682655209,0.396354419191383,0.394001249111485,0.544
0.57,0.427998004220565,0.433365112751287,0.45771527307214,0.472674195435099,0.3964468561324,0.393412267115884,0.544
0.572,0.428009295602672,0.433146881584722,0.457605896718404,0.472155372662467,0.396535549582741,0.393826964355489,0.544
0.574,0.428020586984779,0.432985811211308,0.457496520364668,0.473141081802069,0.396683296679331,0.393226525391818,0.544
0.576,0.428031878366886,0.432894182962341,0.457387144010932,0.472925380611165,0.39683104377592,0.393487089351904,0.544
0.578,0.428043169748993,0.432876507476567,0.457277767657196,0.472480992559105,0.396978790872509,0.393763837811199,0.544
0.58,0.4280544611311,0.432944347772944,0.45716839130346,0.472173009598822,0.397117302437155,0.394346493642227,0.544
0.582,0.428065752513207,0.433114984051751,0.456997903504124,0.471993875236149,0.397238966429214,0.394769725034519,0.544
0.584,0.428077043895314,0.433381340707163,0.456827355688351,0.473659544037001,0.397360630421272,0.395307216293641,0.544
0.586,0.428088335277421,0.433734282954155,0.456656807872577,0.474734167587967,0.397608370654788,0.395683472633014,0.544
0.588,0.428099626659528,0.434168630603345,0.456486260056804,0.476517846065272,0.397743943051095,0.396613584181813,0.544
0.59,0.428110918041635,0.434664216756377,0.45631571224103,0.477096272592796,0.397876111191048,0.397617742407952,0.544
0.592,0.428122209423742,0.435201536603949,0.456145164425257,0.477744717742906,0.398013020548634,0.397811922971153,0.544
0.594,0.428133500805849,0.435760310994559,0.455974616609483,0.479612266392682,0.398165450741581,0.397902648638653,0.544
0.596,0.428144792187956,0.436324211988785,0.45580406879371,0.480854607052206,0.398325687443331,0.398495117888958,0.544
0.598,0.428156083570063,0.436877647602199,0.455633520977936,0.480551811926359,0.398485924145081,0.399011684901645,0.544
0.6,0.42816737495217,0.4374018076765,0.455591135250723,0.482147493122891,0.39864616084683,0.399836317360209,0.544
0.602,0.428178666334277,0.437876182360315,0.455537669562103,0.483010391543264,0.39880639754858,0.400101353231224,0.544
0.604,0.428189957716384,0.438288737920752,0.455484203873482,0.482948909913958,0.398899069122272,0.400632869575498,0.544
0.606,0.428201249098491,0.438621005072999,0.455430738184862,0.482770808777798,0.398990446190667,0.400713805770222,0.544
0.608,0.428212540480597,0.438853972853306,0.455377272496242,0.483437853791089,0.399078531157567,0.400904741172177,0.544
0.61,0.428223831862704,0.43898021364231,0.455325655594605,0.482630062428869,0.399168047248274,0.401665943541657,0.544
0.612,0.428235123244811,0.439002869918886,0.455206307154314,0.481769326719377,0.399315106605767,0.402131261924616,0.544
0.614,0.428246414626918,0.438933505270702,0.455214639059769,0.480470769769173,0.399462165963261,0.402375978042396,0.544
0.616,0.428257706009025,0.438785290946965,0.455199616936211,0.479705742096658,0.399609225320755,0.401721998731223,0.544
0.618,0.428268997391132,0.43855908810303,0.455090240582475,0.479150755879758,0.399756284678249,0.401322793062137,0.544
0.62,0.428280288773239,0.438262771495918,0.454980864228739,0.477747378023217,0.399903344035742,0.401162480094357,0.544
0.622,0.428291580155346,0.437903021538084,0.454871487875003,0.47590447291522,0.400050403393236,0.399795244109293,0.544
0.624,0.428302871537453,0.437502494081319,0.45477012843094,0.475541975162363,0.40019746275073,0.399863381864724,0.544
0.626,0.42831416291956,0.437066612794426,0.454689486632928,0.474763431908884,0.400344522108223,0.400195572724988,0.544
0.628,0.428325454301667,0.436590109075354,0.454543858936144,0.473800421185774,0.400491581465717,0.399940010182963,0.544
0.63,0.428336745683774,0.436064321194007,0.454433982460058,0.473071794848025,0.400638640823211,0.398459322970959,0.544
0.632,0.428348037065881,0.435484206638579,0.454324606106322,0.473122366579015,0.400785700180705,0.396300025160493,0.544
0.634,0.428359328447988,0.434843960805889,0.454215229752586,0.472651640501427,0.400932759538198,0.39406422329611,0.544
0.636,0.428370619830095,0.434126897711315,0.45410585339885,0.472302518721646,0.401079818895692,0.392316913742176,0.544
0.638,0.428381911212202,0.433320503927417,0.453996477045114,0.471454856777518,0.401226878253186,0.391238774570674,0.544
0.64,0.428393202594309,0.432420652261411,0.453887100691378,0.470637570237783,0.40137393761068,0.389535059877406,0.544
0.642,0.428404493976416,0.431431994688057,0.453777724337642,0.469452584256285,0.401477647974648,0.388367271264631,0.544
0.644,0.428415785358523,0.430358113773835,0.453668347983906,0.468640394450435,0.401570246349094,0.389157580483741,0.544
0.646,0.42842707674063,0.429206198194938,0.45355897163017,0.468000150281991,0.40166284472354,0.389318578642629,0.544
0.648,0.428438368122737,0.427982575155654,0.453449595276434,0.466476432222291,0.401755443097986,0.388308915648693,0.544
0.65,0.428449659504844,0.42669382927177,0.453340218922698,0.464575956147628,0.401848041472432,0.385817637578061,0.544
0.652,0.428460950886951,0.425347816584153,0.453230842568962,0.462938879156205,0.401940639846878,0.384938633060669,0.544
0.654,0.428472242269058,0.423960122090438,0.453121466215226,0.460872379044261,0.402030409354378,0.383509693170737,0.544
0.656,0.428483533651164,0.422563216393816,0.45301208986149,0.458856691644219,0.402118464479971,0.382330140055175,0.544
0.658,0.428494825033271,0.421182117546762,0.452889718357953,0.457366547631678,0.402206519605565,0.381430537225998,0.544
0.66,0.428506116415378,0.419839717224077,0.452739308500566,0.456079814882218,0.402294574731159,0.380081255634049,0.544
0.662,0.428517407797485,0.418562165932329,0.452588898643179,0.453564416870126,0.402382629856753,0.378535735058267,0.544
0.664,0.428528699179592,0.417376301313515,0.452438488785793,0.451901036446471,0.402470684982347,0.377262879612483,0.544
0.666,0.428539990561699,0.416309572846328,0.452288078928406,0.451391339894393,0.402558740107941,0.377061955976877,0.544
0.668,0.428551281943806,0.415387316472067,0.452174252060038,0.450881965955497,0.402602861185815,0.375992356439899,0.544
0.67,0.428562573325913,0.414625648745587,0.452012505248795,0.450437107266996,0.402625847880068,0.375901796585983,0.544
0.672,0.42857386470802,0.414026202971024,0.451862003598826,0.450257205425729,0.402648834574321,0.376596561025554,0.544
0.674,0.428585156090127,0.413591839726988,0.451711501948856,0.450072429779159,0.402671821268574,0.37535656196695,0.544
0.676,0.428596447472234,0.413325154976295,0.451594708943613,0.449292016063633,0.402694807962827,0.375746924961128,0.544
0.678,0.428607738854341,0.413220242828903,0.451422522537565,0.448566019041611,0.40271779465708,0.376684398412933,0.544
0.68,0.428619030236448,0.413270351557849,0.451362042049326,0.447935136811933,0.402740781351333,0.37550591225215,0.544
0.682,0.428630321618555,0.413448821520907,0.451301561561087,0.447458624117158,0.402763768045586,0.37591775295885,0.544
0.684,0.428641613000662,0.413731777877567,0.451242971026839,0.448064684024941,0.402810646314068,0.375790052589316,0.544
0.686,0.428652904382769,0.414099797209015,0.451188045877749,0.448553576124949,0.40286575816463,0.374767370999792,0.544
0.688,0.428664195764876,0.414545210649656,0.451133120728659,0.448732353210675,0.402919421924982,0.37370536135233,0.544
0.69,0.428675487146983,0.415054438151605,0.451126360085347,0.449681413369981,0.402969168177138,0.37330152260684,0.544
0.692,0.42868677852909,0.415612849457145,0.451161415786784,0.451104469554749,0.403018914429294,0.372584546434124,0.544
0.694,0.428698069911197,0.416202682886099,0.451162065347337,0.451599664524149,0.40306866068145,0.37356915708212,0.544
0.696,0.428709361293304,0.416814114942252,0.451149395412985,0.452126345150442,0.403142324501795,0.375617298374503,0.544
0.698,0.428720652675411,0.417445723914614,0.45111621948271,0.452358906165661,0.403216284380909,0.377164079483021,0.544
0.7,0.428731944057518,0.41809000979912,0.451064804679904,0.453384445996638,0.403290244260023,0.376562669836108,0.544
0.702,0.428743235439625,0.418743552398939,0.451013389877097,0.454480168963988,0.403364204139137,0.376286562859774,0.544
0.704,0.428754526821731,0.419399802492748,0.45096197507429,0.454705759507721,0.403438164018251,0.377611456096835,0.544
0.706,0.428765818203839,0.420048325645691,0.450910560271483,0.456271255270751,0.403512123897365,0.379186956080438,0.544
0.708,0.428777109585945,0.420689054880566,0.450859145468676,0.456782640312381,0.403532360921605,0.379735606111508,0.544
0.71,0.428788400968052,0.421311339752426,0.45080773066587,0.457941068563946,0.403510445211537,0.38007275121553,0.544
0.712,0.428799692350159,0.421903562180592,0.450756315863063,0.458653641660722,0.403488529501469,0.380593874959351,0.544
0.714,0.428810983732266,0.422461791454895,0.450657162745201,0.458888411980696,0.403466613791401,0.381259366576101,0.544
0.716,0.428822275114373,0.422979386123691,0.450561241084921,0.459734082815502,0.403444698081333,0.381295555287361,0.544
0.718,0.42883356649648,0.42345422633262,0.450542814737111,0.461274113983753,0.403420954043354,0.380766601352373,0.544
0.72,0.428844857878587,0.423886321623129,0.4505243883893,0.461324639105937,0.4033920057047,0.38047175119508,0.544
0.722,0.428856149260694,0.424271573224417,0.45050596204149,0.462237067403493,0.403363057366045,0.38046825843024,0.544
0.724,0.428867440642801,0.424606648079868,0.45048753569368,0.463326507667355,0.403334109027391,0.380903439688737,0.544
0.726,0.428878732024908,0.424882584034914,0.450469109345869,0.463191193074493,0.403305160688737,0.381255454331022,0.544
0.728,0.428890023407015,0.425090756681787,0.450457327145857,0.463942010489256,0.403360579288063,0.381554320448071,0.544
0.73,0.428901314789122,0.425231480679771,0.4504482422421,0.463668520851436,0.40347578557479,0.381922626705688,0.544
0.732,0.428912606171229,0.425307093027396,0.450439157338344,0.463989000394593,0.403590991861517,0.38193873319178,0.544
0.734,0.428923897553336,0.425323102535869,0.450372334135657,0.464217677520511,0.403706198148244,0.382076990627648,0.544
0.736,0.428935188935443,0.425279143871604,0.450349634497044,0.463590491594809,0.403821404434971,0.381579285660366,0.544
0.738,0.42894648031755,0.425172562174641,0.450354967028171,0.462938989088443,0.403932085329292,0.381103704476204,0.544
0.74,0.428957771699657,0.424995642767621,0.450362999990241,0.462739979617485,0.403984473589779,0.381420505074879,0.544
0.742,0.428969063081764,0.424747508613078,0.450379939448035,0.462203787441449,0.403812829036697,0.381772817771631,0.544
0.744,0.428980354463871,0.424431957629061,0.450491542687492,0.461433566538973,0.403635870249209,0.382150622493389,0.544
0.746,0.428991645845978,0.424060136698276,0.450533124395892,0.460155731272107,0.403668866481852,0.382694548729735,0.544
0.748,0.429002937228085,0.423642802121297,0.450587121327967,0.459439420854393,0.403837514506701,0.382502532947835,0.544
0.75,0.429014228610192,0.423197953346074,0.450641118260043,0.459094120222133,0.404006162531549,0.382320976026478,0.544
0.752,0.429025519992299,0.422750870483349,0.450752070994352,0.459567817155772,0.404174810556398,0.381808409278231,0.544
0.754,0.429036811374406,0.422323401970925,0.450799054605377,0.459206966524757,0.404334390925265,0.381584567045041,0.544
0.756,0.429048102756512,0.421931310781855,0.450819726688713,0.457844922426781,0.404491252877413,0.380972147010558,0.544
0.758,0.429059394138619,0.421587131663761,0.450847436798205,0.457377686713279,0.404648114829562,0.380233016867824,0.544
0.76,0.429070685520726,0.421303997339212,0.450883707303474,0.456756480798186,0.404800551764335,0.379085260781264,0.544
0.762,0.429081976902833,0.421081588744609,0.450879860877201,0.45609641748639,0.404830350157397,0.378415334567338,0.544
0.764,0.42909326828494,0.42092416504963,0.450898789867306,0.455960686090526,0.404860148550459,0.378913229637083,0.544
0.766,0.429104559667047,0.420839925789882,0.450921153145607,0.455963575514509,0.404889946943521,0.379886954386825,0.544
0.768,0.429115851049154,0.420836766364961,0.450979879347841,0.455959284656417,0.404919745336583,0.380197089576078,0.544
0.77,0.429127142431261,0.420914631475856,0.451038605550075,0.456013263028338,0.404949543729645,0.380718510598286,0.544
0.772,0.429138433813368,0.421077693399592,0.45109733175231,0.456349326826939,0.404979342122706,0.380854707309965,0.544
0.774,0.429149725195475,0.421327452312736,0.451156057954544,0.456431059046314,0.405009140515768,0.380488014318434,0.544
0.776,0.429161016577582,0.421663883554928,0.451220334916469,0.456605849214774,0.404972045837276,0.381116432360719,0.544
0.778,0.429172307959689,0.422083749363229,0.451299923021008,0.458143280023833,0.404886051139855,0.381323787862687,0.544
0.78,0.429183599341796,0.42258405762977,0.451416542958764,0.458001630808128,0.404796707268695,0.381106089966515,0.544
0.782,0.429194890723903,0.42315612401177,0.451533162896521,0.45889843508099,0.404796474932967,0.381469066198117,0.544
0.784,0.42920618210601,0.423786555723552,0.451649782834278,0.459856958564251,0.404860341773417,0.382684708821647,0.544
0.786,0.429217473488117,0.424469389395622,0.451806824165693,0.461292690829564,0.404924208613867,0.383784550371979,0.544
0.788,0.429228764870224,0.425194630211888,0.451917831269692,0.462662612203995,0.404988075454317,0.383922159233979,0.544
0.79,0.429240056252331,0.425949876763058,0.451982477049854,0.463550742049478,0.404957544363067,0.3840741818307,0.544
0.792,0.429251347634438,0.426722736195213,0.452156289658289,0.465351169130093,0.404902273070943,0.386325671473689,0.544
0.794,0.429262639016545,0.427499884825732,0.452370320986143,0.466384281398466,0.404843018468913,0.388031506628225,0.544
0.796,0.429273930398652,0.4282718935143,0.452589740446011,0.46702381984588,0.404907759598015,0.389046654519428,0.544
0.798,0.429285221780759,0.429031891327652,0.452813037198624,0.467915631886205,0.405077414039061,0.390048594356268,0.544
0.8,0.429296513162866,0.429769278814208,0.45290746510211,0.469012676418122,0.405230920724358,0.39203363290226,0.544
0.802,0.429307804544972,0.43047291310668,0.452973734422295,0.469645779007238,0.405111892101316,0.393111153667589,0.544
0.804,0.429319095927079,0.431133545886441,0.45304000374248,0.470819137990932,0.404860579586264,0.394640763265046,0.544
0.806,0.429330387309186,0.431742734765121,0.453111696011272,0.472121397736788,0.404756751314419,0.394782498908988,0.544
0.808,0.429341678691293,0.43229539838713,0.453183654900261,0.473062439003546,0.404592698852005,0.395007312893431,0.544
0.81,0.4293529700734,0.432790837419525,0.453255613789251,0.473824453439466,0.404401227909226,0.395338417951306,0.544
0.812,0.429364261455507,0.433227423473073,0.453327572678241,0.474499938577889,0.404209756966447,0.395189061970701,0.544
0.814,0.429375552837614,0.433601875900933,0.45339953156723,0.475269519601787,0.404018286023668,0.395381906696163,0.544
0.816,0.429386844219721,0.433916022872638,0.453515701838385,0.47543368720274,0.403826815080889,0.395554729529596,0.544
0.818,0.429398135601828,0.434172932247736,0.453632321776142,0.475588678134379,0.40363534413811,0.395534012179388,0.544
0.82,0.429409426983935,0.434373631205356,0.453748941713898,0.475470491317372,0.403443873195331,0.395354839201749,0.544
0.822,0.429420718366042,0.43452616426819,0.453865561651655,0.476172201579136,0.403252402252552,0.395258596402774,0.544
0.824,0.429432009748149,0.434635752543803,0.453949941521654,0.477434912566675,0.403134832611516,0.395217064425862,0.544
0.826,0.429443301130256,0.43470905453119,0.453956571943943,0.477569103905825,0.403054951664757,0.395570660045725,0.544
0.828,0.429454592512363,0.434749790926007,0.453963202366231,0.477235178158275,0.402975070717999,0.396010353051154,0.544
0.83,0.42946588389447,0.434762685064024,0.45396983278852,0.476570833293039,0.402895189771241,0.396673650735103,0.544
0.832,0.429477175276577,0.434752911494358,0.453984310252108,0.47695532879609,0.402815096499353,0.396944421010356,0.544
0.834,0.429488466658684,0.434720847313537,0.45400042746057,0.476284948142524,0.40274767382569,0.397713200156045,0.544
0.836,0.429499758040791,0.434668125625414,0.454016544669031,0.47621983261219,0.402775294856054,0.397093162123976,0.544
0.838,0.429511049422898,0.43459876879625,0.454032661877492,0.475615773723319,0.402705071892619,0.396317553399086,0.544
0.84,0.429522340805005,0.434515571059402,0.454048779085954,0.474968566013896,0.402614243684825,0.396380540775815,0.544
0.842,0.429533632187112,0.434421125735813,0.454286377641109,0.474443380375175,0.402557319087306,0.396354243725514,0.544
0.844,0.429544923569219,0.434313606852121,0.45455089260649,0.474281838530233,0.402596368890452,0.396685132151199,0.544
0.846,0.429556214951326,0.434196219488905,0.454816761117945,0.474015613963359,0.402635418693597,0.396726892859379,0.544
0.848,0.429567506333433,0.434074344356859,0.455097936429461,0.473805396118126,0.402674468496743,0.39654388061438,0.544
0.85,0.42957879771554,0.433954968633506,0.455206448294443,0.472800253538068,0.402713518299888,0.396395145646625,0.544
0.852,0.429590089097646,0.433843186039239,0.455298733968812,0.472672397640603,0.402752568103034,0.396248523161706,0.544
0.854,0.429601380479753,0.433741853907126,0.455391019643182,0.472996073395956,0.402791617906179,0.39616745049489,0.544
0.856,0.42961267186186,0.433653574892072,0.455483305317552,0.471969715800499,0.40282799485327,0.395855838651788,0.544
0.858,0.429623963243967,0.433579725213988,0.455575590991921,0.472019021754143,0.402863208776811,0.39580181420453,0.544
0.86,0.429635254626074,0.433519410963499,0.455667876666291,0.472621504250429,0.402898422700351,0.395523217339716,0.544
0.862,0.429646546008181,0.433474056025617,0.455760162340661,0.473652580216732,0.402933636623892,0.395268023138322,0.544
0.864,0.429657837390288,0.433444638461472,0.45585244801503,0.474684190683471,0.402919956985803,0.395328387434618,0.544
0.866,0.429669128772395,0.433433118496927,0.455958283534109,0.475346858948422,0.402795843075423,0.394740145524992,0.544
0.868,0.429680420154502,0.43344053879,0.456088938070765,0.47510237842456,0.402619332504447,0.394681793141319,0.544
0.87,0.429691711536609,0.43346547700526,0.456224157892679,0.474646100804262,0.402386846383768,0.394168456626935,0.544
0.872,0.429703002918716,0.433506905155472,0.456360180400061,0.474164162189956,0.402154360263088,0.39353051702687,0.544
0.874,0.429714294300823,0.433563919270413,0.456496202907443,0.473308612151819,0.401921874142409,0.39313369515413,0.544
0.876,0.42972558568293,0.433636333187195,0.456632225414825,0.472463285306555,0.40168938802173,0.392904388385364,0.544
0.878,0.429736877065037,0.433722769521776,0.45677183800135,0.472718617215529,0.401456901901051,0.392916149640332,0.544
0.88,0.429748168447144,0.433821497617492,0.456920487368348,0.472978553358273,0.4013559939695,0.392829539370876,0.544
0.882,0.429759459829251,0.433930608379962,0.457069136735346,0.473213508537473,0.401268323972206,0.392445533637141,0.544
0.884,0.429770751211358,0.43404929427891,0.457217786102343,0.474016281445407,0.40117237715542,0.392100245008469,0.544
0.886,0.429782042593465,0.434177195621643,0.457366435469341,0.474855609159664,0.401073791454699,0.391923730193345,0.544
0.888,0.429793333975572,0.43431338227734,0.457515084836339,0.474409041442357,0.400975205753978,0.392416582905955,0.544
0.89,0.429804625357679,0.434456911338361,0.457663734203337,0.473458529750014,0.400876620053257,0.393674390614307,0.544
0.892,0.429815916739786,0.434605681047234,0.457812383570335,0.473012887377799,0.400778034352537,0.394672332755263,0.544
0.894,0.429827208121893,0.434757080212423,0.457959755062546,0.472558141432933,0.400679448651816,0.394739342573914,0.544
0.896,0.429838499504,0.434910243125416,0.458043402766489,0.472203286693623,0.400580862951095,0.394850710047664,0.544
0.898,0.429849790886107,0.43506348448964,0.458127050470432,0.472541743330223,0.400482277250374,0.395009022958776,0.544
0.9,0.429861082268214,0.435214764131758,0.458210698174375,0.473065524959497,0.400383691549654,0.395216869089513,0.544
0.902,0.42987237365032,0.435363587742911,0.458294345878318,0.473451824775271,0.400285105848933,0.395476836222135,0.544
0.904,0.429883665032427,0.435509203143182,0.45837799358226,0.473649595542545,0.400284879353107,0.395791512138905,0.544
0.906,0.429894956414534,0.435651536486055,0.458461641286203,0.473664194043115,0.400301239829884,0.396163484622086,0.544
0.908,0.429906247796641,0.435789949601616,0.458545288990146,0.473480133107633,0.40031760030666,0.396585047459354,0.544
0.91,0.429917539178748,0.435923510464617,0.458628936694089,0.473202722212736,0.400333960783437,0.397032995970083,0.544
0.912,0.429928830560855,0.436052908015132,0.458712584398032,0.473366077056638,0.400350321260214,0.397497571614699,0.544
0.914,0.429940121942962,0.436177835095252,0.458796232101974,0.473246241594369,0.400366681736991,0.397991358529063,0.544
0.916,0.429951413325069,0.436298349722692,0.458879879805917,0.47330713609766,0.400383042213768,0.398458277248233,0.544
0.918,0.429962704707176,0.436413762632619,0.45896352750986,0.473371736467791,0.400399402690544,0.398952705245087,0.544
0.92,0.429973996089283,0.436523616815535,0.459047175213803,0.47338962608735,0.400415763167321,0.399505696323851,0.544
0.922,0.42998528747139,0.436627369449735,0.459130822917746,0.47336027880181,0.400432123644098,0.399711025667821,0.544
0.924,0.429996578853497,0.43672449918839,0.459214470621688,0.47328854805355,0.400448484120875,0.400313232777534,0.544
0.926,0.430007870235604,0.436814333742314,0.459298118325631,0.473168569776518,0.400464844597651,0.400564319309247,0.544
0.928,0.430019161617711,0.436896061234635,0.459381766029574,0.473039752478449,0.400481205074428,0.401008439655483,0.544
0.93,0.430030452999818,0.436969187025351,0.459465413733517,0.472461759731105,0.400497565551205,0.401372048711026,0.544
0.932,0.430041744381925,0.437032779960034,0.45954906143746,0.472108098048784,0.400513926027982,0.401523498697211,0.544
0.934,0.430053035764032,0.437086083564125,0.459632709141402,0.472330135197322,0.400530286504759,0.401461039076653,0.544
0.936,0.430064327146139,0.437128386115891,0.459716356845345,0.472263157915718,0.400453899945355,0.4012445627147,0.544
0.938,0.430075618528246,0.43715926554521,0.459800004549288,0.472176309813007,0.400340162298755,0.401455007292324,0.544
0.94,0.430086909910353,0.43717819308081,0.4598996636393,0.471734547455643,0.400226424652155,0.402074777738488,0.544
0.942,0.43009820129246,0.437185261024704,0.460050023775244,0.470776225404406,0.400112687005556,0.402049978123524,0.544
0.944,0.430109492674567,0.43718087774019,0.460207055125482,0.470174890503616,0.399998949358956,0.401774977099956,0.544
0.946,0.430120784056674,0.437164853580844,0.46036408647572,0.470089581223445,0.399885211712356,0.401471619769709,0.544
0.948,0.430132075438781,0.437136901989807,0.460523498568868,0.469535902970684,0.399771474065756,0.401150604375056,0.544
0.95,0.430143366820888,0.437096726546181,0.460621468612351,0.469201301560274,0.399657736419156,0.400921764355197,0.544
0.952,0.430154658202994,0.437044251481993,0.460711926417648,0.469925625906477,0.399531988684925,0.400566760469295,0.544
0.954,0.430165949585101,0.436979647569996,0.460802384222944,0.471243860157257,0.399436269294611,0.400018445943606,0.544
0.956,0.430177240967208,0.436903105234877,0.460946341120016,0.472184903672222,0.399458238841546,0.399668507968356,0.544
0.958,0.430188532349315,0.43681500075616,0.461111762483909,0.472210053715921,0.39948020838848,0.399953415025628,0.544
0.96,0.430199823731422,0.436715738509849,0.461278079689167,0.471977827886239,0.399502177935415,0.399567354652801,0.544
0.962,0.430211115113529,0.436605541651933,0.461452895179851,0.472133979206446,0.399524147482349,0.399229594419102,0.544
0.964,0.430222406495636,0.436484544894342,0.461627710670535,0.472467270713708,0.399522302084395,0.398504860190654,0.544
0.966,0.430233697877743,0.436352886055716,0.461802526161219,0.473297416350996,0.399463970349391,0.397568802057554,0.544
0.968,0.43024498925985,0.436210641747597,0.461977341651903,0.473760988776346,0.399405399598911,0.397450083196708,0.544
0.97,0.430256280641957,0.436057895409518,0.46221860359314,0.475049382834138,0.39933810944689,0.396741278128033,0.544
0.972,0.430267572024064,0.435894734097665,0.462492098243978,0.476691330056269,0.399270819294868,0.39544866697379,0.544
0.974,0.430278863406171,0.435721245330655,0.462765592894816,0.4776999636678,0.399183658194652,0.393683356481395,0.544
0.976,0.430290154788278,0.435537528858977,0.463039087545654,0.478686990560886,0.399011440623084,0.391722852355717,0.544
0.978,0.430301446170385,0.435343697032798,0.463312582196492,0.479659165896583,0.398839223051516,0.38999503547197,0.544
0.98,0.430312737552492,0.435139854069877,0.46358607684733,0.480812137096593,0.398667005479948,0.388443767923793,0.544
0.982,0.430324028934599,0.434926110030541,0.463859571498168,0.481264670463508,0.398494787908381,0.387285353908885,0.544
0.984,0.430335320316706,0.434702575069772,0.464092525146537,0.481451486559613,0.398322570336813,0.385514608517864,0.544
0.986,0.430346611698813,0.43446935934255,0.464293543598528,0.482486846138521,0.398150352765245,0.383198712361584,0.544
0.988,0.43035790308092,0.434226573003857,0.464494562050519,0.483833865491321,0.397978135193677,0.380108225459288,0.544
0.99,0.430369194463027,0.433974326208673,0.46469558050251,0.484564720339413,0.39780591762211,0.3781211916322,0.544
0.992,0.430380485845134,0.433712729111981,0.464898122556238,0.485517016285565,0.397633700050542,0.376373030953121,0.544
0.994,0.430391777227241,0.43344189186876,0.465107036656582,0.487402979494202,0.397461482478974,0.373997220308125,0.544
0.996,0.430403068609348,0.433161924633991,0.465315950756926,0.488847463307609,0.39724894965665,0.371634437880217,0.544
0.998,0.430414359991454,0.432872937562657,0.465404046406471,0.491196041619238,0.396998115138657,0.369968678644244,0.544
1,0.430425651373561,0.432495839251483,0.465491247144607,0.4936040191532,0.396727613073591,0.367229378365691,0.544
