Comparison,Threshold,Run,t,p
GlcGlc-CitCit,0.98,1,-3.69253384114196,0.000298547670331107
GlcGlc-GlcCit,0.98,1,-18.5600987519863,3.76261727284535e-49
CitCit-GlcCit,0.98,1,-10.5303033996766,6.20672630893144e-21
GlcGlc-CitCit,0.98,2,3.91234201524753,0.000124667639544634
GlcGlc-GlcCit,0.98,2,-7.70971399886244,8.48035984684997e-13
CitCit-GlcCit,0.98,2,-13.2943540457411,3.67763206543139e-25
GlcGlc-CitCit,0.98,3,-2.23325552327659,0.0292718618826515
GlcGlc-GlcCit,0.98,3,-17.0289586284116,1.58221878875304e-24
CitCit-GlcCit,0.98,3,-10.2489181903637,2.43184637903297e-17
GlcGlc-CitCit,0.98,4,-3.11097097116119,0.0020969416344573
GlcGlc-GlcCit,0.98,4,-12.5844831889237,6.06617357140083e-24
CitCit-GlcCit,0.98,4,-8.29322637733137,4.33895429924688e-14
GlcGlc-CitCit,0.98,5,-0.614723835099449,0.539462100961114
GlcGlc-GlcCit,0.98,5,-20.5070340964904,3.7805277298219e-60
CitCit-GlcCit,0.98,5,-16.8783257400528,9.03609922605143e-38
GlcGlc-CitCit,0.98,6,2.66079572459091,0.0084483700237215
GlcGlc-GlcCit,0.98,6,-14.0688488749867,7.11154327878601e-33
CitCit-GlcCit,0.98,6,-16.0158382430958,6.70622207906077e-32
GlcGlc-CitCit,0.98,7,4.08788056811333,6.47767493975815e-05
GlcGlc-GlcCit,0.98,7,-11.2220951475129,4.09370094502683e-24
CitCit-GlcCit,0.98,7,-14.6069635730673,5.70194043597292e-30
GlcGlc-CitCit,0.98,8,2.19285993434107,0.0294811910830507
GlcGlc-GlcCit,0.98,8,-6.19701967025503,4.47809548066588e-09
CitCit-GlcCit,0.98,8,-9.89971599782371,6.08940768849386e-19
GlcGlc-CitCit,0.98,9,-0.426197988967986,0.670331387162169
GlcGlc-GlcCit,0.98,9,-14.2916964270068,5.21079856864401e-33
CitCit-GlcCit,0.98,9,-14.350665712597,3.46945004401676e-34
GlcGlc-CitCit,0.98,10,5.19944196898573,4.35799922391525e-07
GlcGlc-GlcCit,0.98,10,-9.83622402781968,2.32874997921688e-19
CitCit-GlcCit,0.98,10,-18.1868891533926,2.02578217670372e-45
GlcGlc-CitCit,0.98,11,3.41738676883761,0.00108871479224542
GlcGlc-GlcCit,0.98,11,-6.5087739538741,5.28671191020497e-09
CitCit-GlcCit,0.98,11,-8.08937068306727,7.50126633817822e-12
GlcGlc-CitCit,0.98,12,-3.01615436377498,0.00318565463609138
GlcGlc-GlcCit,0.98,12,-16.4759132900361,1.33192161377336e-42
CitCit-GlcCit,0.98,12,-8.23996121797939,4.15131131200631e-13
GlcGlc-CitCit,0.98,13,-3.35591871115559,0.00142717327576874
GlcGlc-GlcCit,0.98,13,-19.1545147327677,3.53904404402907e-48
CitCit-GlcCit,0.98,13,-6.42089925402458,4.32674185893923e-08
GlcGlc-CitCit,0.98,14,-1.16994942464503,0.243226919661235
GlcGlc-GlcCit,0.98,14,-18.3358971199429,2.09871362591034e-43
CitCit-GlcCit,0.98,14,-15.9839042624935,6.9496514665729e-35
GlcGlc-CitCit,0.98,15,-1.35321066093311,0.17760623187536
GlcGlc-GlcCit,0.98,15,-13.2786532968395,3.8684138623731e-28
CitCit-GlcCit,0.98,15,-9.84651358767856,5.79586912537533e-18
GlcGlc-CitCit,0.98,16,2.81975144883313,0.00528762386764156
GlcGlc-GlcCit,0.98,16,-8.48720211936453,7.24891726561373e-15
CitCit-GlcCit,0.98,16,-10.6609241185819,3.23616637713424e-20
GlcGlc-CitCit,0.98,17,3.05763950278339,0.00271325124491385
GlcGlc-GlcCit,0.98,17,-17.803239627983,2.53430444516704e-50
CitCit-GlcCit,0.98,17,-16.1483103071378,4.71004637509007e-31
GlcGlc-CitCit,0.98,18,3.54463175717729,0.000473216053452047
GlcGlc-GlcCit,0.98,18,-20.4427122222234,7.18245217757552e-55
CitCit-GlcCit,0.98,18,-29.0748281911947,6.6295171353443e-63
GlcGlc-CitCit,0.98,19,-0.292251824006312,0.770404042740899
GlcGlc-GlcCit,0.98,19,-9.06959784814575,2.30926827544269e-15
CitCit-GlcCit,0.98,19,-8.18083936801431,2.03909910041103e-13
GlcGlc-CitCit,0.98,20,-0.227286850406733,0.820640047942948
GlcGlc-GlcCit,0.98,20,-13.2625865729173,3.39689384631069e-27
CitCit-GlcCit,0.98,20,-10.0999224705979,1.65996064125596e-17
GlcGlc-CitCit,0.98,21,-2.91348244044681,0.0040872917677948
GlcGlc-GlcCit,0.98,21,-14.6720368163913,7.63806403301302e-27
CitCit-GlcCit,0.98,21,-10.7712715037016,1.39856969902986e-19
GlcGlc-CitCit,0.98,22,0.922551043920923,0.35812209370995
GlcGlc-GlcCit,0.98,22,-9.2621960761286,4.59787632626861e-16
CitCit-GlcCit,0.98,22,-13.3133950939962,8.1184636561023e-24
GlcGlc-CitCit,0.98,23,5.58646659103695,7.23966188862733e-08
GlcGlc-GlcCit,0.98,23,-10.135484475129,2.9517312860511e-20
CitCit-GlcCit,0.98,23,-16.7487055555986,4.42894304451152e-35
GlcGlc-CitCit,0.98,24,5.1291001429329,5.78478519686506e-07
GlcGlc-GlcCit,0.98,24,-6.77091115778822,1.63578083926653e-10
CitCit-GlcCit,0.98,24,-12.7290344024304,1.76870435686591e-25
GlcGlc-CitCit,0.98,25,4.17316742388389,4.39645601757437e-05
GlcGlc-GlcCit,0.98,25,-13.0540808021083,9.11321891421056e-29
CitCit-GlcCit,0.98,25,-19.521537877224,4.70841824326639e-39
GlcGlc-CitCit,0.98,26,-0.237133690285756,0.812885548231669
GlcGlc-GlcCit,0.98,26,-3.86891233401622,0.000170287030299699
CitCit-GlcCit,0.98,26,-3.21825946162957,0.00161853151063552
GlcGlc-CitCit,0.98,27,-0.290525799378443,0.771823605179147
GlcGlc-GlcCit,0.98,27,-9.18760273672352,6.81154079841554e-16
CitCit-GlcCit,0.98,27,-7.9930845577036,7.35241349712709e-13
GlcGlc-CitCit,0.98,28,3.83042813612929,0.000162934327963476
GlcGlc-GlcCit,0.98,28,-10.4943115909422,1.83301516796186e-21
CitCit-GlcCit,0.98,28,-16.8483216428912,1.43434637231715e-37
GlcGlc-CitCit,0.98,29,1.73534485240772,0.0841259999629692
GlcGlc-GlcCit,0.98,29,-8.17500240253595,1.7042671684597e-14
CitCit-GlcCit,0.98,29,-9.97390790450411,7.53190668462888e-19
GlcGlc-CitCit,0.98,30,2.30542727345251,0.0219569936131149
GlcGlc-GlcCit,0.98,30,-13.145542071767,1.18883169742107e-27
CitCit-GlcCit,0.98,30,-15.1679005608914,5.82943072021185e-32
GlcGlc-CitCit,0.98,31,-0.429051589329201,0.668366268773138
GlcGlc-GlcCit,0.98,31,-11.5095152018375,1.03771879384408e-20
CitCit-GlcCit,0.98,31,-9.3587393746409,1.7855981080179e-16
GlcGlc-CitCit,0.98,32,3.81879500159203,0.000240226479372609
GlcGlc-GlcCit,0.98,32,-12.7992602640703,1.07209272924262e-29
CitCit-GlcCit,0.98,32,-13.3856630385729,1.88160743652081e-22
GlcGlc-CitCit,0.98,33,-0.625385062063325,0.533369371256908
GlcGlc-GlcCit,0.98,33,-7.67074316296054,2.00992045645086e-12
CitCit-GlcCit,0.98,33,-4.96954365009705,3.73381541542262e-06
GlcGlc-CitCit,0.98,34,-2.06339278893131,0.0417283557150669
GlcGlc-GlcCit,0.98,34,-14.0180801890602,1.23870117729283e-31
CitCit-GlcCit,0.98,34,-7.93491602308438,3.34923394840236e-12
GlcGlc-CitCit,0.98,35,0.976361166223856,0.329844936975781
GlcGlc-GlcCit,0.98,35,-9.72199419946256,8.49383417049992e-19
CitCit-GlcCit,0.98,35,-11.072240648889,3.95933240503458e-22
GlcGlc-CitCit,0.98,36,4.23730287750757,3.70281042555614e-05
GlcGlc-GlcCit,0.98,36,-5.38885056879519,4.63722650541039e-07
CitCit-GlcCit,0.98,36,-8.43913963551039,1.06015952034415e-13
GlcGlc-CitCit,0.98,37,2.8656816436793,0.00462048018469491
GlcGlc-GlcCit,0.98,37,-16.0243046057563,1.26279463756716e-38
CitCit-GlcCit,0.98,37,-18.5004539742084,2.6699198300832e-41
GlcGlc-CitCit,0.98,38,2.52580881039854,0.01238711623633
GlcGlc-GlcCit,0.98,38,-10.4967186044244,5.80259670185793e-22
CitCit-GlcCit,0.98,38,-10.9630315097705,1.22169259353113e-20
GlcGlc-CitCit,0.98,39,3.22679013386557,0.00147833485377398
GlcGlc-GlcCit,0.98,39,-13.0161122271647,3.81080304392372e-30
CitCit-GlcCit,0.98,39,-15.2739830061904,3.34041914309065e-32
GlcGlc-CitCit,0.98,40,-1.39608500006065,0.164522869987764
GlcGlc-GlcCit,0.98,40,-8.00503337902977,2.65747983463638e-13
CitCit-GlcCit,0.98,40,-6.07828954802452,9.96236061226594e-09
GlcGlc-CitCit,0.98,41,2.11669006378671,0.0357022037563579
GlcGlc-GlcCit,0.98,41,-8.07302134422043,2.6199799947384e-14
CitCit-GlcCit,0.98,41,-8.81259266726005,2.65420561997096e-15
GlcGlc-CitCit,0.98,42,0.255011828628445,0.799081256240123
GlcGlc-GlcCit,0.98,42,-18.3092417503407,7.44300400154534e-43
CitCit-GlcCit,0.98,42,-15.4742767607442,3.93038444396998e-32
GlcGlc-CitCit,0.98,43,-0.990442520615475,0.325487378792105
GlcGlc-GlcCit,0.98,43,-9.36474387966074,5.57051836697559e-15
CitCit-GlcCit,0.98,43,-5.67405424967136,1.75581869172549e-07
GlcGlc-CitCit,0.98,44,-0.39730292313963,0.691681511718076
GlcGlc-GlcCit,0.98,44,-15.2539832412951,1.21496677251193e-31
CitCit-GlcCit,0.98,44,-12.877016873605,3.45077362604909e-25
GlcGlc-CitCit,0.98,45,-4.07974764159393,7.62861508204625e-05
GlcGlc-GlcCit,0.98,45,-12.946766659059,3.23491504824308e-23
CitCit-GlcCit,0.98,45,-6.86906784624822,2.01636360008216e-10
GlcGlc-CitCit,0.98,46,1.58685681015852,0.114041257561371
GlcGlc-GlcCit,0.98,46,-15.5812104168332,2.69594309459168e-35
CitCit-GlcCit,0.98,46,-18.4721935386579,1.27932099670295e-38
GlcGlc-CitCit,0.98,47,-1.22380468189883,0.224143427732015
GlcGlc-GlcCit,0.98,47,-14.0168123435571,9.76834160120916e-28
CitCit-GlcCit,0.98,47,-8.17942496195506,1.01443940747599e-12
GlcGlc-CitCit,0.98,48,-2.25498718441575,0.0271014524858871
GlcGlc-GlcCit,0.98,48,-15.9724749335918,3.44217019200155e-28
CitCit-GlcCit,0.98,48,-9.02008139266949,1.32610082908415e-14
GlcGlc-CitCit,0.98,49,3.69216450132338,0.000293517508893919
GlcGlc-GlcCit,0.98,49,-8.8438894637654,1.11459969568479e-15
CitCit-GlcCit,0.98,49,-15.9341627107749,2.7953556953713e-33
GlcGlc-CitCit,0.98,50,1.75242324992374,0.0825098530187492
GlcGlc-GlcCit,0.98,50,-8.90915364188533,1.85871700082813e-15
CitCit-GlcCit,0.98,50,-8.69720644394435,4.70586364145479e-14
GlcGlc-CitCit,0.98,51,0.681769320510451,0.496329774193519
GlcGlc-GlcCit,0.98,51,-15.5408818840221,1.16951812079336e-34
CitCit-GlcCit,0.98,51,-13.9662305552655,4.68140917170077e-29
GlcGlc-CitCit,0.98,52,1.57140057909387,0.118281578316704
GlcGlc-GlcCit,0.98,52,-14.5888353466115,4.36224899337106e-36
CitCit-GlcCit,0.98,52,-14.6453652366716,3.39144191721776e-28
GlcGlc-CitCit,0.98,53,0.558862937364661,0.577259689250108
GlcGlc-GlcCit,0.98,53,-13.031081978251,9.64298970213084e-25
CitCit-GlcCit,0.98,53,-11.2326928576314,2.16428506029849e-20
GlcGlc-CitCit,0.98,54,0.229157372907566,0.819140911090801
GlcGlc-GlcCit,0.98,54,-8.48055335341649,3.66436877658053e-13
CitCit-GlcCit,0.98,54,-7.15830184118021,1.26665414482723e-10
GlcGlc-CitCit,0.98,55,1.3280212827016,0.185751559436302
GlcGlc-GlcCit,0.98,55,-10.2534176911128,7.44497354567731e-20
CitCit-GlcCit,0.98,55,-14.0463850002054,1.47746649158515e-29
GlcGlc-CitCit,0.98,56,-0.981991927871529,0.327856326192118
GlcGlc-GlcCit,0.98,56,-10.0946582459068,1.1704365552741e-17
CitCit-GlcCit,0.98,56,-7.83330624261802,2.00119081405406e-12
GlcGlc-CitCit,0.98,57,0.603818759573338,0.546500561219585
GlcGlc-GlcCit,0.98,57,-15.5354816103357,2.41106208451593e-38
CitCit-GlcCit,0.98,57,-14.8365399822888,2.02532403025652e-33
GlcGlc-CitCit,0.98,58,-2.04423903114159,0.0430925780965985
GlcGlc-GlcCit,0.98,58,-15.2416272495682,1.42841091137989e-31
CitCit-GlcCit,0.98,58,-10.51739872067,3.37257452910258e-20
GlcGlc-CitCit,0.98,59,2.74230848829889,0.00672969648095123
GlcGlc-GlcCit,0.98,59,-9.71603788137002,1.98224334562425e-17
CitCit-GlcCit,0.98,59,-12.3845613746143,5.61222623653932e-23
GlcGlc-CitCit,0.98,60,3.95800059454037,0.000104330322257
GlcGlc-GlcCit,0.98,60,-15.6380382557235,1.96263446065756e-39
CitCit-GlcCit,0.98,60,-22.0036820009166,4.21991749159622e-47
GlcGlc-CitCit,0.98,61,-0.87165352019067,0.385261052400879
GlcGlc-GlcCit,0.98,61,-15.9333376987365,2.20682925225379e-33
CitCit-GlcCit,0.98,61,-10.7022602920717,5.26367969421925e-19
GlcGlc-CitCit,0.98,62,5.16729782757506,1.15560507145259e-06
GlcGlc-GlcCit,0.98,62,-6.29384957617274,4.58680858422381e-08
CitCit-GlcCit,0.98,62,-9.75677198405763,1.81025462179865e-14
GlcGlc-CitCit,0.98,63,-0.161653143826006,0.87194831011892
GlcGlc-GlcCit,0.98,63,-12.6075625012555,2.3902674349727e-25
CitCit-GlcCit,0.98,63,-9.31551940997349,1.06457573008458e-14
GlcGlc-CitCit,0.98,64,3.81560277094962,0.000173010716347517
GlcGlc-GlcCit,0.98,64,-11.2651857305497,2.57432245849421e-24
CitCit-GlcCit,0.98,64,-16.5098501769853,2.34120303844006e-41
GlcGlc-CitCit,0.98,65,2.52063876829879,0.0126081958140462
GlcGlc-GlcCit,0.98,65,-10.8510132198993,1.41090094941765e-19
CitCit-GlcCit,0.98,65,-13.30088422488,8.98366377004246e-24
GlcGlc-CitCit,0.98,66,1.2771141464126,0.203374945398389
GlcGlc-GlcCit,0.98,66,-4.21797115222865,4.49536866855948e-05
CitCit-GlcCit,0.98,66,-5.33080586876563,4.75690500601922e-07
GlcGlc-CitCit,0.98,67,1.60678034707255,0.110835065789168
GlcGlc-GlcCit,0.98,67,-8.22422002136877,8.64444988535253e-14
CitCit-GlcCit,0.98,67,-8.20834301801692,1.46392951966138e-13
GlcGlc-CitCit,0.98,68,0.537959178925843,0.59129763877089
GlcGlc-GlcCit,0.98,68,-13.128352868816,1.10134304678515e-26
CitCit-GlcCit,0.98,68,-13.9896983656923,5.71200494915474e-27
GlcGlc-CitCit,0.98,69,1.03736731548021,0.300889794050978
GlcGlc-GlcCit,0.98,69,-18.5965153860139,5.06435410702026e-52
CitCit-GlcCit,0.98,69,-17.1982057184452,1.58871022220403e-36
GlcGlc-CitCit,0.98,70,0.649977035509012,0.516526376543136
GlcGlc-GlcCit,0.98,70,-12.0838591442166,7.40855775371261e-21
CitCit-GlcCit,0.98,70,-12.0753001870855,2.97480196679535e-21
GlcGlc-CitCit,0.98,71,2.59552007517545,0.0100730710025342
GlcGlc-GlcCit,0.98,71,-11.6936165991796,5.81856095839078e-24
CitCit-GlcCit,0.98,71,-13.6194811796152,5.1620766447163e-29
GlcGlc-CitCit,0.98,72,4.19502514134198,4.43560162097493e-05
GlcGlc-GlcCit,0.98,72,-9.84281337675177,1.08338599750748e-17
CitCit-GlcCit,0.98,72,-16.6246943678471,3.45528730337088e-27
GlcGlc-CitCit,0.98,73,3.69116252738429,0.000271952191184312
GlcGlc-GlcCit,0.98,73,-11.7668935533834,1.56481085130331e-26
CitCit-GlcCit,0.98,73,-15.2479513284467,1.98729531032636e-35
GlcGlc-CitCit,0.98,74,0.529998906773071,0.596675659392077
GlcGlc-GlcCit,0.98,74,-9.40204543305833,2.99789125807423e-16
CitCit-GlcCit,0.98,74,-10.9394501820275,6.58696578349528e-19
GlcGlc-CitCit,0.98,75,1.85481954018926,0.0689208553668404
GlcGlc-GlcCit,0.98,75,-12.9994577073944,1.22848924952172e-23
CitCit-GlcCit,0.98,75,-11.2049786930076,7.6402091318059e-18
GlcGlc-CitCit,0.98,76,-1.35357183766856,0.178393764178502
GlcGlc-GlcCit,0.98,76,-14.2298101331125,3.18520551023898e-33
CitCit-GlcCit,0.98,76,-8.02955887371791,9.72474799838442e-13
GlcGlc-CitCit,0.98,77,-0.866000211907809,0.39012089608744
GlcGlc-GlcCit,0.98,77,-12.0430584880784,9.74181733693664e-21
CitCit-GlcCit,0.98,77,-7.32539749024118,4.45645193701846e-10
GlcGlc-CitCit,0.98,78,2.40019021578385,0.0170835413586867
GlcGlc-GlcCit,0.98,78,-7.34674333414251,1.22911812231905e-11
CitCit-GlcCit,0.98,78,-10.5613379050984,3.79997018813296e-18
GlcGlc-CitCit,0.98,79,-2.09700446872674,0.0373385439216107
GlcGlc-GlcCit,0.98,79,-20.9714528432738,7.96937759916258e-53
CitCit-GlcCit,0.98,79,-15.8420370879289,1.70804289975409e-35
GlcGlc-CitCit,0.98,80,0.160038645772617,0.873198137390251
GlcGlc-GlcCit,0.98,80,-17.7015069767141,2.03979839502539e-45
CitCit-GlcCit,0.98,80,-11.0854145415501,8.33192407880379e-19
GlcGlc-CitCit,0.98,81,3.6071070630399,0.000382326620305964
GlcGlc-GlcCit,0.98,81,-12.2593013179112,5.63564179991342e-26
CitCit-GlcCit,0.98,81,-16.7831836536565,1.36945341763281e-34
GlcGlc-CitCit,0.98,82,6.48672984263654,4.59179636472435e-10
GlcGlc-GlcCit,0.98,82,-4.45421446621372,1.33494795677877e-05
CitCit-GlcCit,0.98,82,-10.9856964332542,2.31488799876753e-21
GlcGlc-CitCit,0.98,83,-3.39041742023959,0.000971239439339724
GlcGlc-GlcCit,0.98,83,-12.3394273324598,1.63543987711544e-22
CitCit-GlcCit,0.98,83,-6.10275208128843,9.31366476062059e-09
GlcGlc-CitCit,0.98,84,2.05671048715136,0.041522180476298
GlcGlc-GlcCit,0.98,84,-13.5332874839886,6.40721688840573e-32
CitCit-GlcCit,0.98,84,-12.8595487750263,1.86040487583579e-24
GlcGlc-CitCit,0.98,85,1.77960314699423,0.0765054004353041
GlcGlc-GlcCit,0.98,85,-7.83881691671105,6.19184709162247e-13
CitCit-GlcCit,0.98,85,-9.95529554770398,1.46595584193558e-17
GlcGlc-CitCit,0.98,86,-1.78080105143089,0.0786413624764955
GlcGlc-GlcCit,0.98,86,-10.4161972666347,1.4349171475862e-19
CitCit-GlcCit,0.98,86,-4.97220865822229,3.30839671837953e-06
GlcGlc-CitCit,0.98,87,2.3511269181127,0.0195940357414974
GlcGlc-GlcCit,0.98,87,-21.6321643817733,4.97949624351694e-64
CitCit-GlcCit,0.98,87,-21.713819522321,4.20446646222665e-52
GlcGlc-CitCit,0.98,88,-1.44472959188237,0.152589271147337
GlcGlc-GlcCit,0.98,88,-9.35095465523491,4.25799969552888e-14
CitCit-GlcCit,0.98,88,-6.02742186856976,3.24405536395119e-08
GlcGlc-CitCit,0.98,89,1.15140003918122,0.250819073289184
GlcGlc-GlcCit,0.98,89,-13.2046102696189,5.02262768393553e-30
CitCit-GlcCit,0.98,89,-13.3391599888398,3.53462754425208e-27
GlcGlc-CitCit,0.98,90,-1.03646107635166,0.302382359683998
GlcGlc-GlcCit,0.98,90,-9.31600659348848,6.7523646460467e-17
CitCit-GlcCit,0.98,90,-6.06169971423592,1.6813106759697e-08
GlcGlc-CitCit,0.98,91,2.07973868122188,0.0387804961432952
GlcGlc-GlcCit,0.98,91,-12.4814496224937,5.2624390196237e-27
CitCit-GlcCit,0.98,91,-15.3933154633417,1.52613031062228e-33
GlcGlc-CitCit,0.98,92,0.245848275670744,0.806132167343037
GlcGlc-GlcCit,0.98,92,-9.5937172748688,8.60811127236088e-17
CitCit-GlcCit,0.98,92,-8.79659803486458,9.82384596034705e-15
GlcGlc-CitCit,0.98,93,1.37266803192491,0.173339856851006
GlcGlc-GlcCit,0.98,93,-17.7100832131605,2.28388038460601e-47
CitCit-GlcCit,0.98,93,-11.7587207560566,1.30419162017113e-19
GlcGlc-CitCit,0.98,94,6.25331813448483,2.10332440669443e-09
GlcGlc-GlcCit,0.98,94,-9.53645694538325,1.59050703586653e-18
CitCit-GlcCit,0.98,94,-19.1618159571386,3.89485875426268e-44
GlcGlc-CitCit,0.98,95,-1.70672727987002,0.0900244048456451
GlcGlc-GlcCit,0.98,95,-10.2895219852636,3.56584324413448e-19
CitCit-GlcCit,0.98,95,-6.67861685537374,3.60355109110696e-10
GlcGlc-CitCit,0.98,96,2.21910913251177,0.0279578812067511
GlcGlc-GlcCit,0.98,96,-4.16862975989496,7.03449939530837e-05
CitCit-GlcCit,0.98,96,-6.07084628433824,3.73388052651601e-08
GlcGlc-CitCit,0.98,97,0.782809248453274,0.434559724109454
GlcGlc-GlcCit,0.98,97,-12.6137513478569,8.78295507376078e-25
CitCit-GlcCit,0.98,97,-13.6679869595713,4.08370555431291e-26
GlcGlc-CitCit,0.98,98,5.13471491143257,1.16305235777336e-06
GlcGlc-GlcCit,0.98,98,-3.45215015392783,0.000734888616426889
CitCit-GlcCit,0.98,98,-11.5197256644317,5.73296599816701e-21
GlcGlc-CitCit,0.98,99,1.93772723079571,0.0544420206195691
GlcGlc-GlcCit,0.98,99,-8.84866438612718,1.56586128615235e-13
CitCit-GlcCit,0.98,99,-9.65735802653839,8.5354850442769e-16
GlcGlc-CitCit,0.98,100,-0.299618383216412,0.765126858668879
GlcGlc-GlcCit,0.98,100,-14.7760342439728,2.20825666672219e-30
CitCit-GlcCit,0.98,100,-10.9878752306398,2.75711529922361e-19
GlcGlc-CitCit,0.98,101,1.75662208413948,0.0812275207348486
GlcGlc-GlcCit,0.98,101,-8.11680280385244,1.66241594816741e-13
CitCit-GlcCit,0.98,101,-8.67421250461335,1.12077363447347e-14
GlcGlc-CitCit,0.98,102,-3.69924534963332,0.00027477247682413
GlcGlc-GlcCit,0.98,102,-11.4081966522372,9.05035362164573e-21
CitCit-GlcCit,0.98,102,-7.32754379909917,1.90817129966042e-11
GlcGlc-CitCit,0.98,103,1.69985521838511,0.0903309299997993
GlcGlc-GlcCit,0.98,103,-13.1274573600603,6.80179150927879e-30
CitCit-GlcCit,0.98,103,-15.2820861674067,5.70577806168208e-36
GlcGlc-CitCit,0.98,104,1.69449144108052,0.0917661050843
GlcGlc-GlcCit,0.98,104,-12.8236787913804,5.11798656873172e-29
CitCit-GlcCit,0.98,104,-15.2997717517947,1.65378061274892e-33
GlcGlc-CitCit,0.98,105,-1.3255581638133,0.186108455528527
GlcGlc-GlcCit,0.98,105,-19.6229965884273,2.58219232535338e-51
CitCit-GlcCit,0.98,105,-18.8248942950621,9.41943899127928e-47
GlcGlc-CitCit,0.98,106,0.95147935099499,0.342605438193012
GlcGlc-GlcCit,0.98,106,-13.1540432668152,1.14942422879527e-27
CitCit-GlcCit,0.98,106,-16.5145742527697,1.77229390073402e-34
GlcGlc-CitCit,0.98,107,1.04673876563314,0.297641700168361
GlcGlc-GlcCit,0.98,107,-13.6371915549335,9.11642112056755e-27
CitCit-GlcCit,0.98,107,-22.4676346191264,3.78994671393775e-31
GlcGlc-CitCit,0.98,108,1.50859080444529,0.133078902530414
GlcGlc-GlcCit,0.98,108,-15.8268181089522,5.49912201638689e-34
CitCit-GlcCit,0.98,108,-15.8391268257839,2.59290215765059e-32
GlcGlc-CitCit,0.98,109,-1.27635662121571,0.203401728573397
GlcGlc-GlcCit,0.98,109,-11.7053791381162,3.20861831104481e-21
CitCit-GlcCit,0.98,109,-9.34411507395979,2.75430395177558e-16
GlcGlc-CitCit,0.98,110,9.67347634330574,4.49535256697932e-19
GlcGlc-GlcCit,0.98,110,-10.5224815404128,1.1605295139472e-21
CitCit-GlcCit,0.98,110,-23.7322781394496,1.99260925067295e-53
GlcGlc-CitCit,0.98,111,1.02095185467428,0.308585927506616
GlcGlc-GlcCit,0.98,111,-8.99358903565167,2.83668062453841e-15
CitCit-GlcCit,0.98,111,-11.0959652401155,7.32764286003068e-19
GlcGlc-CitCit,0.98,112,-0.322670094382599,0.747362557842977
GlcGlc-GlcCit,0.98,112,-14.9288562929496,3.3666046949738e-34
CitCit-GlcCit,0.98,112,-13.9884179483822,2.41510436017058e-28
GlcGlc-CitCit,0.98,113,3.94230573093135,0.000107947641042896
GlcGlc-GlcCit,0.98,113,-6.0267584950723,5.96884605134491e-09
CitCit-GlcCit,0.98,113,-11.5842016942233,8.67985019040548e-23
GlcGlc-CitCit,0.98,114,-4.56834021007754,8.0927660730271e-06
GlcGlc-GlcCit,0.98,114,-14.1982015555677,7.50378168543921e-24
CitCit-GlcCit,0.98,114,-10.4402087922054,7.77819306071495e-17
GlcGlc-CitCit,0.98,115,1.15709140931854,0.248433295404396
GlcGlc-GlcCit,0.98,115,-13.8845683275342,1.5656387779082e-28
CitCit-GlcCit,0.98,115,-16.2782232949224,2.94707170834353e-30
GlcGlc-CitCit,0.98,116,0.304042471073257,0.761465800143941
GlcGlc-GlcCit,0.98,116,-18.5881070399615,2.42820708497862e-47
CitCit-GlcCit,0.98,116,-15.3538297129317,2.92602095585712e-34
GlcGlc-CitCit,0.98,117,1.46323629419182,0.145308979385554
GlcGlc-GlcCit,0.98,117,-6.94589845623303,6.76391078679606e-10
CitCit-GlcCit,0.98,117,-9.19752328665117,4.39460241174503e-13
GlcGlc-CitCit,0.98,118,-1.74161306651808,0.08407935085484
GlcGlc-GlcCit,0.98,118,-14.3378658989371,4.7496385331244e-31
CitCit-GlcCit,0.98,118,-9.45481018906006,1.20109002756877e-16
GlcGlc-CitCit,0.98,119,-2.1650240452103,0.0316048205602601
GlcGlc-GlcCit,0.98,119,-12.1055177877583,7.98702208315793e-25
CitCit-GlcCit,0.98,119,-8.90416300272236,7.99312448973522e-16
GlcGlc-CitCit,0.98,120,0.155696732206027,0.87644780236989
GlcGlc-GlcCit,0.98,120,-9.64851007579864,3.24542218896115e-16
CitCit-GlcCit,0.98,120,-9.38441760402145,1.3754960941522e-15
GlcGlc-CitCit,0.98,121,2.0048249874159,0.0462267345443313
GlcGlc-GlcCit,0.98,121,-9.68451774699185,1.99101358166723e-19
CitCit-GlcCit,0.98,121,-11.3211428823441,1.89360469915924e-22
GlcGlc-CitCit,0.98,122,-1.96293249002604,0.0509360939124059
GlcGlc-GlcCit,0.98,122,-19.3317323058375,8.57229234455861e-49
CitCit-GlcCit,0.98,122,-15.0289431098956,1.51442614150212e-34
GlcGlc-CitCit,0.98,123,2.76535627783734,0.00614728686090574
GlcGlc-GlcCit,0.98,123,-11.2967407316119,1.81685230973632e-23
CitCit-GlcCit,0.98,123,-17.9973055760947,8.07454686209539e-40
GlcGlc-CitCit,0.98,124,1.6681770353939,0.0966457444233656
GlcGlc-GlcCit,0.98,124,-16.2355758395667,2.27312450870879e-40
CitCit-GlcCit,0.98,124,-22.6933227692067,9.99501176598849e-55
GlcGlc-CitCit,0.98,125,-1.49111363062309,0.137378827184192
GlcGlc-GlcCit,0.98,125,-18.5466639173814,7.85470870363293e-45
CitCit-GlcCit,0.98,125,-15.5367620314743,2.40328585191998e-35
GlcGlc-CitCit,0.98,126,-1.65167687509165,0.10123969108319
GlcGlc-GlcCit,0.98,126,-15.625781679189,3.95436808779761e-38
CitCit-GlcCit,0.98,126,-9.35753323009127,2.09850186569953e-16
GlcGlc-CitCit,0.98,127,-0.365483351742138,0.715310621184811
GlcGlc-GlcCit,0.98,127,-19.3655353691148,1.00047739045331e-45
CitCit-GlcCit,0.98,127,-14.1410938335244,4.95931458493556e-29
GlcGlc-CitCit,0.98,128,-2.03250960652405,0.0431793325455132
GlcGlc-GlcCit,0.98,128,-14.9929634278181,2.97748576222985e-37
CitCit-GlcCit,0.98,128,-11.3758713938291,1.30044744950577e-23
GlcGlc-CitCit,0.98,129,-0.0353000399797392,0.971889422069907
GlcGlc-GlcCit,0.98,129,-3.49686578719014,0.00066119073728011
CitCit-GlcCit,0.98,129,-3.96421361287108,0.000124788950640577
GlcGlc-CitCit,0.98,130,-0.140111578963908,0.888751122859982
GlcGlc-GlcCit,0.98,130,-12.1812646969358,1.92703890273802e-23
CitCit-GlcCit,0.98,130,-11.9717084369489,2.94919779004736e-22
GlcGlc-CitCit,0.98,131,-1.16632819280325,0.246298753115926
GlcGlc-GlcCit,0.98,131,-10.1373696695212,2.56558446092997e-19
CitCit-GlcCit,0.98,131,-5.77299865594471,7.44098097967323e-08
GlcGlc-CitCit,0.98,132,1.31039124587464,0.191488422522757
GlcGlc-GlcCit,0.98,132,-5.79700649279484,2.71953874545306e-08
CitCit-GlcCit,0.98,132,-7.67200251285323,1.22362691625361e-12
GlcGlc-CitCit,0.98,133,0.862618753876721,0.389359040197813
GlcGlc-GlcCit,0.98,133,-12.3226758055621,2.84525872756889e-26
CitCit-GlcCit,0.98,133,-14.8610137427335,2.68880424639071e-34
GlcGlc-CitCit,0.98,134,1.73474042870772,0.0850612644276872
GlcGlc-GlcCit,0.98,134,-13.0704691266959,2.16610848297968e-28
CitCit-GlcCit,0.98,134,-12.8725035764426,4.76413295816575e-24
GlcGlc-CitCit,0.98,135,0.805484038301762,0.421648918368769
GlcGlc-GlcCit,0.98,135,-12.0010566157622,1.0651830085607e-25
CitCit-GlcCit,0.98,135,-12.308770390265,2.64185809720028e-24
GlcGlc-CitCit,0.98,136,2.23497392268961,0.0264599737480232
GlcGlc-GlcCit,0.98,136,-7.62776803427965,1.5664308978556e-12
CitCit-GlcCit,0.98,136,-9.88597128594119,5.89801188035242e-18
GlcGlc-CitCit,0.98,137,0.509434661243012,0.611048050933868
GlcGlc-GlcCit,0.98,137,-12.616600095331,7.37150765111278e-24
CitCit-GlcCit,0.98,137,-11.5036169814242,2.61261573679827e-22
GlcGlc-CitCit,0.98,138,7.55696344932009,2.45859314189671e-12
GlcGlc-GlcCit,0.98,138,-7.7119587618288,2.36483691145656e-13
CitCit-GlcCit,0.98,138,-14.474134335239,4.8559056688586e-29
GlcGlc-CitCit,0.98,139,3.85996303843152,0.000159024764443952
GlcGlc-GlcCit,0.98,139,-11.8917936119621,4.12111197697558e-24
CitCit-GlcCit,0.98,139,-19.1542606720293,1.69078461307455e-37
GlcGlc-CitCit,0.98,140,2.71797256880988,0.00706362848860356
GlcGlc-GlcCit,0.98,140,-13.9300438589927,4.77087370293416e-32
CitCit-GlcCit,0.98,140,-17.1191354980329,4.10190096653302e-40
GlcGlc-CitCit,0.98,141,1.92364112003582,0.0560114685088007
GlcGlc-GlcCit,0.98,141,-4.38355014107168,0.000435150508111926
CitCit-GlcCit,0.98,141,-5.43907809286034,5.47751060217916e-05
GlcGlc-CitCit,0.98,142,4.84096230081406,2.21940112768964e-06
GlcGlc-GlcCit,0.98,142,-18.037541330768,1.24856231988194e-50
CitCit-GlcCit,0.98,142,-26.3741709118215,4.29734066148326e-65
GlcGlc-CitCit,0.98,143,-0.62327028032709,0.534164943724919
GlcGlc-GlcCit,0.98,143,-10.7770601574034,3.36436164977818e-20
CitCit-GlcCit,0.98,143,-8.20263661034467,2.28256805800363e-13
GlcGlc-CitCit,0.98,144,3.66358850765675,0.000339619665308081
GlcGlc-GlcCit,0.98,144,-6.57346587373745,8.43114206038034e-10
CitCit-GlcCit,0.98,144,-10.6597787232265,6.42664510527616e-19
GlcGlc-CitCit,0.98,145,1.32994186930853,0.185229660634198
GlcGlc-GlcCit,0.98,145,-8.40354592536555,1.6242751438299e-14
CitCit-GlcCit,0.98,145,-9.81112309678946,1.05144131351153e-17
GlcGlc-CitCit,0.98,146,0.83406583125137,0.406216192394794
GlcGlc-GlcCit,0.98,146,-11.1599260783069,1.72507281634849e-22
CitCit-GlcCit,0.98,146,-9.64106226338866,2.99311081100248e-15
GlcGlc-CitCit,0.98,147,-0.624413772936246,0.533944787928622
GlcGlc-GlcCit,0.98,147,-10.0240215562286,1.72505773154189e-16
CitCit-GlcCit,0.98,147,-6.48616527690436,3.13112971480609e-09
GlcGlc-CitCit,0.98,148,1.04750482258458,0.296546483541328
GlcGlc-GlcCit,0.98,148,-8.30006760961638,1.02927144014142e-14
CitCit-GlcCit,0.98,148,-8.58417692127402,1.76932619160941e-14
GlcGlc-CitCit,0.98,149,1.62496945445011,0.106083091022303
GlcGlc-GlcCit,0.98,149,-13.3436237237676,2.94181268625004e-23
CitCit-GlcCit,0.98,149,-14.20431455674,7.31069111484783e-25
GlcGlc-CitCit,0.98,150,6.71504599899695,1.29753070207306e-10
GlcGlc-GlcCit,0.98,150,-6.78798710382454,6.49538491401638e-10
CitCit-GlcCit,0.98,150,-13.5592336795646,9.9474472392478e-21
GlcGlc-CitCit,0.98,151,-4.02095106382048,0.000157203801430169
GlcGlc-GlcCit,0.98,151,-13.548374043475,1.035976164142e-25
CitCit-GlcCit,0.98,151,-4.01712788003292,0.000150358734346081
GlcGlc-CitCit,0.98,152,1.67404496964078,0.0980520188125605
GlcGlc-GlcCit,0.98,152,-18.38963522396,1.02957987422411e-37
CitCit-GlcCit,0.98,152,-16.5892036298292,2.72205166323194e-29
GlcGlc-CitCit,0.98,153,3.73932283181933,0.000227073179633598
GlcGlc-GlcCit,0.98,153,-5.46366012322361,9.92237753860957e-08
CitCit-GlcCit,0.98,153,-9.79149078170801,1.64474217051657e-18
GlcGlc-CitCit,0.98,154,-1.3630192223729,0.175614369961041
GlcGlc-GlcCit,0.98,154,-14.5222071101124,3.39813009841262e-33
CitCit-GlcCit,0.98,154,-9.31421303065371,2.8975082525296e-15
GlcGlc-CitCit,0.98,155,-2.7289146504306,0.00760371085644023
GlcGlc-GlcCit,0.98,155,-9.34109594546856,1.26126911583611e-17
CitCit-GlcCit,0.98,155,-3.62550246112075,0.000489993646760696
GlcGlc-CitCit,0.98,156,3.00653414997874,0.00299942297281635
GlcGlc-GlcCit,0.98,156,-14.5283061324163,3.3083155285235e-33
CitCit-GlcCit,0.98,156,-19.4500574556091,6.04629994354336e-39
GlcGlc-CitCit,0.98,157,2.8870895079537,0.00427290262657811
GlcGlc-GlcCit,0.98,157,-16.511326168289,4.02192420387118e-41
CitCit-GlcCit,0.98,157,-19.1005282666905,3.86979084550408e-42
GlcGlc-CitCit,0.98,158,1.00213689997625,0.318200237535034
GlcGlc-GlcCit,0.98,158,-7.98896641415799,4.65050678665183e-12
CitCit-GlcCit,0.98,158,-7.83987018537497,4.37161579722549e-12
GlcGlc-CitCit,0.98,159,2.19839047505303,0.0288944475342087
GlcGlc-GlcCit,0.98,159,-17.6163807989697,2.06116687002359e-45
CitCit-GlcCit,0.98,159,-20.7280263613888,6.07369892556643e-50
GlcGlc-CitCit,0.98,160,2.72904979388175,0.00693030227050651
GlcGlc-GlcCit,0.98,160,-14.3528894647644,3.8313315497274e-32
CitCit-GlcCit,0.98,160,-16.5139218885376,1.02009981700103e-33
GlcGlc-CitCit,0.98,161,-1.89921014644334,0.0597186932391753
GlcGlc-GlcCit,0.98,161,-11.4009271286922,7.51074631182887e-21
CitCit-GlcCit,0.98,161,-7.88226994031381,8.77332810136234e-13
GlcGlc-CitCit,0.98,162,3.61900057612749,0.000378508890360702
GlcGlc-GlcCit,0.98,162,-7.86570236250572,4.84239427500633e-13
CitCit-GlcCit,0.98,162,-11.49179794628,2.61677221875263e-21
GlcGlc-CitCit,0.98,163,-0.256308359146718,0.797974145284413
GlcGlc-GlcCit,0.98,163,-13.4186980575968,1.30919163311864e-26
CitCit-GlcCit,0.98,163,-12.5019416258207,7.19271910376632e-25
GlcGlc-CitCit,0.98,164,2.92037123001598,0.00386765607959803
GlcGlc-GlcCit,0.98,164,-8.45088708069061,1.37038210028946e-13
CitCit-GlcCit,0.98,164,-11.0188474767749,4.87993236158572e-19
GlcGlc-CitCit,0.98,165,0.936453527817432,0.350372075590226
GlcGlc-GlcCit,0.98,165,-10.2309019081153,1.20253290292712e-19
CitCit-GlcCit,0.98,165,-13.2683169700373,1.19463279021031e-25
GlcGlc-CitCit,0.98,166,1.39786840845763,0.16436800485341
GlcGlc-GlcCit,0.98,166,-6.09237557563043,1.09059063684566e-08
CitCit-GlcCit,0.98,166,-7.55241027963131,1.17908614174007e-11
GlcGlc-CitCit,0.98,167,-0.572720788954472,0.56769652983669
GlcGlc-GlcCit,0.98,167,-11.0837080366014,1.66959721317713e-20
CitCit-GlcCit,0.98,167,-8.70707061348561,3.46969038109458e-15
GlcGlc-CitCit,0.98,168,-1.21661233252591,0.225681975428214
GlcGlc-GlcCit,0.98,168,-8.71914367968384,3.78391322544087e-13
CitCit-GlcCit,0.98,168,-6.51881499170892,2.47883889495778e-09
GlcGlc-CitCit,0.98,169,-0.968366047114044,0.336261608739971
GlcGlc-GlcCit,0.98,169,-10.053084035561,2.52539630957944e-16
CitCit-GlcCit,0.98,169,-5.45904452111499,5.09667054422197e-07
GlcGlc-CitCit,0.98,170,-2.30847763457204,0.0226188621886391
GlcGlc-GlcCit,0.98,170,-19.5171783677433,1.68619139482531e-46
CitCit-GlcCit,0.98,170,-12.7172101743865,9.37207158883602e-27
GlcGlc-CitCit,0.98,171,1.125082133173,0.262230007936199
GlcGlc-GlcCit,0.98,171,-12.829674806552,4.46972258289182e-29
CitCit-GlcCit,0.98,171,-11.2959497578445,1.681993719259e-19
GlcGlc-CitCit,0.98,172,-0.650998987943169,0.516050761537971
GlcGlc-GlcCit,0.98,172,-13.5919370798012,1.49124117248375e-31
CitCit-GlcCit,0.98,172,-9.86843564869412,4.82979587983451e-17
GlcGlc-CitCit,0.98,173,4.04973117895745,7.44493504611062e-05
GlcGlc-GlcCit,0.98,173,-13.4625474492935,7.8345919506654e-30
CitCit-GlcCit,0.98,173,-16.5824807624069,9.31436251077404e-35
GlcGlc-CitCit,0.98,174,-0.146711816783548,0.883679499018316
GlcGlc-GlcCit,0.98,174,-15.2526268465004,3.10265754831938e-30
CitCit-GlcCit,0.98,174,-10.9759688518651,9.87085306182869e-20
GlcGlc-CitCit,0.98,175,-0.0958179630442327,0.923992274955145
GlcGlc-GlcCit,0.98,175,-11.2079719115983,2.72913996336055e-22
CitCit-GlcCit,0.98,175,-7.1726294428408,6.62743582031579e-10
GlcGlc-CitCit,0.98,176,-0.871427065268838,0.386526715271849
GlcGlc-GlcCit,0.98,176,-11.3644943250592,1.07365376526158e-23
CitCit-GlcCit,0.98,176,-6.78685945752708,1.63076085744519e-09
GlcGlc-CitCit,0.98,177,1.89233021754776,0.0602424227547387
GlcGlc-GlcCit,0.98,177,-11.4789182398997,1.8260891335946e-22
CitCit-GlcCit,0.98,177,-14.7103535510071,2.79455849032468e-28
GlcGlc-CitCit,0.98,178,-6.60333419223406,6.74055089391768e-10
GlcGlc-GlcCit,0.98,178,-20.1655629952074,1.63427535406067e-38
CitCit-GlcCit,0.98,178,-8.62166609125204,5.71892863006085e-15
GlcGlc-CitCit,0.98,179,-3.05331898837328,0.0025944839056317
GlcGlc-GlcCit,0.98,179,-11.8433171686872,4.28622909962914e-17
CitCit-GlcCit,0.98,179,-8.7169250708973,2.67322042012102e-13
GlcGlc-CitCit,0.98,180,3.07911580230236,0.00261597562282832
GlcGlc-GlcCit,0.98,180,-8.28265239899231,2.01942931345212e-14
CitCit-GlcCit,0.98,180,-9.55860160170157,1.34365855451813e-15
GlcGlc-CitCit,0.98,181,3.55873568503471,0.000462307070929973
GlcGlc-GlcCit,0.98,181,-7.56021312903593,4.51676393920742e-12
CitCit-GlcCit,0.98,181,-11.422465949444,8.03983080650979e-21
GlcGlc-CitCit,0.98,182,1.94121928088241,0.053430286675219
GlcGlc-GlcCit,0.98,182,-11.3900679753716,1.29932555928674e-24
CitCit-GlcCit,0.98,182,-13.3978445726556,3.15421116226444e-30
GlcGlc-CitCit,0.98,183,-0.644512275394788,0.520584794186551
GlcGlc-GlcCit,0.98,183,-9.39542726541905,5.51773501123332e-16
CitCit-GlcCit,0.98,183,-7.90085025665086,3.5713658774175e-12
GlcGlc-CitCit,0.98,184,2.86209964466216,0.00524549840336752
GlcGlc-GlcCit,0.98,184,-10.5127499464723,6.62786587550239e-21
CitCit-GlcCit,0.98,184,-10.8018115552988,8.4811337229975e-18
GlcGlc-CitCit,0.98,185,1.58420469889936,0.116965639069809
GlcGlc-GlcCit,0.98,185,-12.0197162988872,1.15504736073962e-25
CitCit-GlcCit,0.98,185,-10.7090535265946,4.63302580134552e-18
GlcGlc-CitCit,0.98,186,1.55240383666479,0.130627494642755
GlcGlc-GlcCit,0.98,186,-8.98612267187592,1.35695574735537e-14
CitCit-GlcCit,0.98,186,-7.13777240663144,9.1216094920577e-09
GlcGlc-CitCit,0.98,187,0.903318322095539,0.36791977432101
GlcGlc-GlcCit,0.98,187,-3.4713809918793,0.000718901984582891
CitCit-GlcCit,0.98,187,-4.35334679859015,3.50260990530017e-05
GlcGlc-CitCit,0.98,188,3.5235642521649,0.000548749967709899
GlcGlc-GlcCit,0.98,188,-13.4457792826425,8.16367536185635e-31
CitCit-GlcCit,0.98,188,-16.1850412678743,3.0241936700158e-31
GlcGlc-CitCit,0.98,189,-2.25757572179608,0.0251627786077106
GlcGlc-GlcCit,0.98,189,-19.455282726003,3.71447823968011e-50
CitCit-GlcCit,0.98,189,-13.6855741150384,2.59068733957059e-29
GlcGlc-CitCit,0.98,190,0.787435794227064,0.431902003895932
GlcGlc-GlcCit,0.98,190,-8.7546272227051,2.55904535379503e-15
CitCit-GlcCit,0.98,190,-8.63730907705092,5.77372558502517e-15
GlcGlc-CitCit,0.98,191,1.5420552925407,0.12453830432066
GlcGlc-GlcCit,0.98,191,-14.871333221312,7.75818631109247e-30
CitCit-GlcCit,0.98,191,-16.1716201463119,1.06277763697886e-31
GlcGlc-CitCit,0.98,192,2.01962374791285,0.0460071707770758
GlcGlc-GlcCit,0.98,192,-6.42518425639978,0.0593945077009302
CitCit-GlcCit,0.98,192,-7.11780916516509,0.022562203926454
GlcGlc-CitCit,0.98,193,-0.694493065966776,0.488195616498906
GlcGlc-GlcCit,0.98,193,-11.3494751416844,3.30032178693628e-20
CitCit-GlcCit,0.98,193,-10.8465172946348,5.37263021023468e-19
GlcGlc-CitCit,0.98,194,2.85047933415045,0.00494618592837288
GlcGlc-GlcCit,0.98,194,-22.0254486390604,1.42115037642867e-62
CitCit-GlcCit,0.98,194,-23.6689112869938,3.23970508012844e-54
GlcGlc-CitCit,0.98,195,0.293400416065198,0.769540064538527
GlcGlc-GlcCit,0.98,195,-12.429723723533,3.38956646173322e-22
CitCit-GlcCit,0.98,195,-12.2022856028162,3.93167004866316e-22
GlcGlc-CitCit,0.98,196,0.232991725374054,0.816083388635694
GlcGlc-GlcCit,0.98,196,-11.261826482817,1.56222792659182e-22
CitCit-GlcCit,0.98,196,-9.96634528222665,1.41637493187022e-17
GlcGlc-CitCit,0.98,197,6.34958299168671,1.05166291322459e-09
GlcGlc-GlcCit,0.98,197,-11.5443011879301,2.22131811467204e-22
CitCit-GlcCit,0.98,197,-20.1341032967941,1.37020563320564e-31
GlcGlc-CitCit,0.98,198,-0.186882904230732,0.851984850298728
GlcGlc-GlcCit,0.98,198,-11.3401179748023,2.3416400381261e-21
CitCit-GlcCit,0.98,198,-10.4039757635507,1.79167307646299e-19
GlcGlc-CitCit,0.98,199,-1.84185112751415,0.0680420660027846
GlcGlc-GlcCit,0.98,199,-8.66977551527715,7.43951057336021e-14
CitCit-GlcCit,0.98,199,-5.39534098523479,3.76037719378153e-07
GlcGlc-CitCit,0.98,200,4.26267813125276,3.29498446513242e-05
GlcGlc-GlcCit,0.98,200,-9.77682190267769,6.74874181002415e-18
CitCit-GlcCit,0.98,200,-14.1624841412535,5.70562000128434e-26
GlcGlc-CitCit,0.98,201,-0.272978821231233,0.785175708130852
GlcGlc-GlcCit,0.98,201,-7.59657422979219,7.22096512260676e-12
CitCit-GlcCit,0.98,201,-6.8772728212517,2.56409349172169e-10
GlcGlc-CitCit,0.98,202,-2.23965001921613,0.0262170307201134
GlcGlc-GlcCit,0.98,202,-12.9075234285296,2.29910624525491e-22
CitCit-GlcCit,0.98,202,-9.92569069143518,2.95218232899021e-17
GlcGlc-CitCit,0.98,203,2.63408369192486,0.00946859495109157
GlcGlc-GlcCit,0.98,203,-9.50463808482131,1.40887271573308e-18
CitCit-GlcCit,0.98,203,-9.75006883531497,4.14955942041611e-17
GlcGlc-CitCit,0.98,204,4.20953459300555,3.42358444947575e-05
GlcGlc-GlcCit,0.98,204,-4.32804864629141,2.65308688782735e-05
CitCit-GlcCit,0.98,204,-8.58936735252303,7.0813684044222e-14
GlcGlc-CitCit,0.98,205,2.24464652568294,0.0258336212645856
GlcGlc-GlcCit,0.98,205,-8.60724977619224,6.15374152292362e-14
CitCit-GlcCit,0.98,205,-11.5076340729041,3.18138764537496e-18
GlcGlc-CitCit,0.98,206,0.408931812187191,0.683208194963027
GlcGlc-GlcCit,0.98,206,-11.0468065351631,1.55060383067332e-20
CitCit-GlcCit,0.98,206,-12.269087570247,2.33930559444901e-22
GlcGlc-CitCit,0.98,207,-0.52601649279176,0.599344414022932
GlcGlc-GlcCit,0.98,207,-12.8051590971513,7.61451036369008e-25
CitCit-GlcCit,0.98,207,-11.9557666238508,8.39513789773998e-23
GlcGlc-CitCit,0.98,208,5.10871710529672,7.8321903191646e-07
GlcGlc-GlcCit,0.98,208,-10.3646940295362,1.23965348786059e-21
CitCit-GlcCit,0.98,208,-15.167628441364,8.70319215669439e-32
GlcGlc-CitCit,0.98,209,-3.06474243014816,0.00245601459632768
GlcGlc-GlcCit,0.98,209,-19.9090924226009,5.94535595839281e-40
CitCit-GlcCit,0.98,209,-15.5200107424344,2.32481628685396e-33
GlcGlc-CitCit,0.98,210,0.625764863175161,0.532891140071364
GlcGlc-GlcCit,0.98,210,-10.4568507095361,2.33384969482366e-20
CitCit-GlcCit,0.98,210,-8.38415161742863,4.81445693224451e-13
GlcGlc-CitCit,0.98,211,-1.34090382167957,0.181820665123499
GlcGlc-GlcCit,0.98,211,-18.1904653994886,1.93124036828685e-46
CitCit-GlcCit,0.98,211,-14.187473502885,2.46450469169315e-31
GlcGlc-CitCit,0.98,212,-0.274157981091257,0.784333953280409
GlcGlc-GlcCit,0.98,212,-13.4882333880294,6.41179969564143e-32
CitCit-GlcCit,0.98,212,-10.5485902128805,3.99688375659406e-19
GlcGlc-CitCit,0.98,213,0.248405862316595,0.804041355031416
GlcGlc-GlcCit,0.98,213,-15.0619125146037,1.07238966414095e-28
CitCit-GlcCit,0.98,213,-15.2417297987821,1.7252792740326e-28
GlcGlc-CitCit,0.98,214,-1.92733652482323,0.0561983005316758
GlcGlc-GlcCit,0.98,214,-12.2658284518605,1.13180914511354e-25
CitCit-GlcCit,0.98,214,-7.24354772503551,1.70070436787897e-11
GlcGlc-CitCit,0.98,215,0.167237786377167,0.867410412151477
GlcGlc-GlcCit,0.98,215,-12.0123249024864,1.17731094169189e-22
CitCit-GlcCit,0.98,215,-11.1913437392057,2.00293704016948e-20
GlcGlc-CitCit,0.98,216,-0.518131043050295,0.605095454186092
GlcGlc-GlcCit,0.98,216,-14.6244318541448,1.30322311791874e-33
CitCit-GlcCit,0.98,216,-12.6880924180844,5.46635714005639e-27
GlcGlc-CitCit,0.98,217,0.150840209107612,0.880308366747414
GlcGlc-GlcCit,0.98,217,-16.2759701859069,2.10717556792714e-36
CitCit-GlcCit,0.98,217,-13.6214729045389,3.97867003904634e-29
GlcGlc-CitCit,0.98,218,-3.80355284776184,0.000193392507082565
GlcGlc-GlcCit,0.98,218,-12.3184055397309,2.07518389684678e-25
CitCit-GlcCit,0.98,218,-5.65748728880592,6.1245962777003e-08
GlcGlc-CitCit,0.98,219,2.6886183178273,0.00838241618865376
GlcGlc-GlcCit,0.98,219,-8.67240948187175,1.03874580913845e-15
CitCit-GlcCit,0.98,219,-9.07946500303443,4.05634463118669e-14
GlcGlc-CitCit,0.98,220,5.63459807970351,6.35352171159922e-08
GlcGlc-GlcCit,0.98,220,-8.96605519193315,3.72769914819091e-16
CitCit-GlcCit,0.98,220,-17.3403021379099,2.02460857616449e-39
GlcGlc-CitCit,0.98,221,2.13263775254223,0.034146101929336
GlcGlc-GlcCit,0.98,221,-7.9280594558753,3.03369932465777e-13
CitCit-GlcCit,0.98,221,-9.77295722058829,1.53350701944019e-17
GlcGlc-CitCit,0.98,222,2.53946171471072,0.0116658178926455
GlcGlc-GlcCit,0.98,222,-10.0252483699216,2.81489198644115e-17
CitCit-GlcCit,0.98,222,-12.9536035406908,2.31436535818235e-21
GlcGlc-CitCit,0.98,223,-3.7685258382396,0.000250042680061296
GlcGlc-GlcCit,0.98,223,-21.7108267280347,1.21008037375314e-60
CitCit-GlcCit,0.98,223,-9.54977175482255,1.49848873001709e-16
GlcGlc-CitCit,0.98,224,3.57436318496479,0.000462752057452292
GlcGlc-GlcCit,0.98,224,-6.0711840207027,1.05788285826127e-08
CitCit-GlcCit,0.98,224,-9.10022951591714,1.79036966724749e-15
GlcGlc-CitCit,0.98,225,1.06453324967122,0.288806979433077
GlcGlc-GlcCit,0.98,225,-10.3013969892352,1.52590978895099e-19
CitCit-GlcCit,0.98,225,-9.16261431380612,4.06110668807557e-16
GlcGlc-CitCit,0.98,226,0.066167538645284,0.947346073007954
GlcGlc-GlcCit,0.98,226,-12.0120726297088,1.98813087419339e-24
CitCit-GlcCit,0.98,226,-10.1598877624203,1.22481741358779e-18
GlcGlc-CitCit,0.98,227,1.28604717518738,0.199659834178801
GlcGlc-GlcCit,0.98,227,-9.72285674890882,3.66253639594011e-17
CitCit-GlcCit,0.98,227,-11.6108832328294,4.00799341963457e-20
GlcGlc-CitCit,0.98,228,1.07976240037718,0.281376716982211
GlcGlc-GlcCit,0.98,228,-16.6376327126889,1.32427642163695e-39
CitCit-GlcCit,0.98,228,-17.34494206435,2.08544314904079e-40
GlcGlc-CitCit,0.98,229,1.1046839144631,0.271651019589326
GlcGlc-GlcCit,0.98,229,-14.0050980647627,6.15438521293527e-33
CitCit-GlcCit,0.98,229,-13.7980764670701,5.2848863839578e-24
GlcGlc-CitCit,0.98,230,-1.34951302259117,0.178381779108244
GlcGlc-GlcCit,0.98,230,-17.9704035557355,9.3393333921078e-38
CitCit-GlcCit,0.98,230,-16.3701092092122,5.16594895146019e-35
GlcGlc-CitCit,0.98,231,1.1481016602698,0.252829908382798
GlcGlc-GlcCit,0.98,231,-8.15566950959309,1.29359308284077e-13
CitCit-GlcCit,0.98,231,-9.05088866017273,3.15418259553497e-15
GlcGlc-CitCit,0.98,232,-0.50691161901026,0.613239753459272
GlcGlc-GlcCit,0.98,232,-7.83592050518872,2.71987709245652e-13
CitCit-GlcCit,0.98,232,-5.01734192242694,2.68521074849821e-06
GlcGlc-CitCit,0.98,233,4.91478696812671,1.58629608915661e-06
GlcGlc-GlcCit,0.98,233,-11.78423650429,4.03807648733379e-25
CitCit-GlcCit,0.98,233,-20.9416707455229,5.42355552954777e-51
GlcGlc-CitCit,0.98,234,-0.56210707897739,0.574871464701075
GlcGlc-GlcCit,0.98,234,-11.2969784758016,1.69523056445147e-22
CitCit-GlcCit,0.98,234,-8.8360246110428,3.74285744319261e-15
GlcGlc-CitCit,0.98,235,-1.87880078680306,0.0614965073562711
GlcGlc-GlcCit,0.98,235,-5.00524011930304,7.06033987658959e-06
CitCit-GlcCit,0.98,235,-3.56276820773593,0.00072378149251805
GlcGlc-CitCit,0.98,236,-1.11771147050449,0.265918072273817
GlcGlc-GlcCit,0.98,236,-11.5964339553288,1.14329704211837e-20
CitCit-GlcCit,0.98,236,-7.84516210081898,1.51266611091416e-12
GlcGlc-CitCit,0.98,237,1.84121558099722,0.0688185123067955
GlcGlc-GlcCit,0.98,237,-15.153388374968,8.15227196241442e-28
CitCit-GlcCit,0.98,237,-12.8120321846904,3.52920703215346e-22
GlcGlc-CitCit,0.98,238,-1.03954430679352,0.30231352118029
GlcGlc-GlcCit,0.98,238,-10.030060809986,1.91037176627891e-17
CitCit-GlcCit,0.98,238,-5.86142479432829,1.07471135789527e-07
GlcGlc-CitCit,0.98,239,0.458850824367294,0.646760872209928
GlcGlc-GlcCit,0.98,239,-25.5762149560651,1.73222667646038e-75
CitCit-GlcCit,0.98,239,-23.1380011939306,3.01692362596972e-57
GlcGlc-CitCit,0.98,240,-1.23733017678565,0.218012009456197
GlcGlc-GlcCit,0.98,240,-9.69501726554018,4.6673110871547e-18
CitCit-GlcCit,0.98,240,-6.65148573089507,4.35372656698205e-10
GlcGlc-CitCit,0.98,241,4.3022137641674,2.8236561669255e-05
GlcGlc-GlcCit,0.98,241,-7.83874531238357,6.22184378233584e-13
CitCit-GlcCit,0.98,241,-14.0483494600669,2.70447552033288e-26
GlcGlc-CitCit,0.98,242,0.548444055552605,0.584151207770997
GlcGlc-GlcCit,0.98,242,-13.6209279621859,6.14960037222583e-27
CitCit-GlcCit,0.98,242,-16.4973759727493,5.81614578655689e-35
GlcGlc-CitCit,0.98,243,2.03492877476183,0.0430786142533945
GlcGlc-GlcCit,0.98,243,-6.99331201990916,3.72094820060948e-11
CitCit-GlcCit,0.98,243,-9.91928460834388,3.33457651907535e-18
GlcGlc-CitCit,0.98,244,-0.192112416250362,0.847921606924019
GlcGlc-GlcCit,0.98,244,-11.3117447699834,6.36247592867876e-24
CitCit-GlcCit,0.98,244,-8.87379798733107,5.05000613499793e-15
GlcGlc-CitCit,0.98,245,2.18436169007236,0.0299825632907065
GlcGlc-GlcCit,0.98,245,-16.4825477959727,2.3216849600205e-37
CitCit-GlcCit,0.98,245,-19.758690184422,4.29082144261517e-40
GlcGlc-CitCit,0.98,246,-1.09131625102563,0.27748573883489
GlcGlc-GlcCit,0.98,246,-5.50480851752478,3.07372765194603e-06
CitCit-GlcCit,0.98,246,-3.90696955479621,0.000265431772595847
GlcGlc-CitCit,0.98,247,0.36669205095268,0.714381367550995
GlcGlc-GlcCit,0.98,247,-8.15619717033711,4.48359899393905e-14
CitCit-GlcCit,0.98,247,-6.91026906830363,1.28035928223691e-10
GlcGlc-CitCit,0.98,248,-0.329806634518365,0.74271802871828
GlcGlc-GlcCit,0.98,248,-5.49327262896735,1.34134466767198e-06
CitCit-GlcCit,0.98,248,-3.56210261615942,0.000732138036763822
GlcGlc-CitCit,0.98,249,1.99554818642029,0.0474976050407772
GlcGlc-GlcCit,0.98,249,-15.1219778732861,2.58421478332182e-31
CitCit-GlcCit,0.98,249,-14.4517166290325,1.10494526554217e-31
GlcGlc-CitCit,0.98,250,3.93980732600782,0.000120867644122541
GlcGlc-GlcCit,0.98,250,-11.6210271616995,1.67637913903104e-25
CitCit-GlcCit,0.98,250,-14.9027262085555,4.67697240925969e-29
GlcGlc-CitCit,0.98,251,0.85811151950226,0.391716772211097
GlcGlc-GlcCit,0.98,251,-12.5647965716569,4.32916504344147e-24
CitCit-GlcCit,0.98,251,-13.0437297731434,6.91312061802931e-25
GlcGlc-CitCit,0.98,252,-1.76522461561996,0.0790062322369128
GlcGlc-GlcCit,0.98,252,-5.90764646735476,8.48871594127222e-08
CitCit-GlcCit,0.98,252,-3.59501857290313,0.000499691450899393
GlcGlc-CitCit,0.98,253,3.87579915453444,0.000141754251613166
GlcGlc-GlcCit,0.98,253,-13.5699060530423,3.69290007716792e-31
CitCit-GlcCit,0.98,253,-19.1014696053275,4.62059359458835e-45
GlcGlc-CitCit,0.98,254,-3.1519673880834,0.00199934960801382
GlcGlc-GlcCit,0.98,254,-16.29220889663,1.37397980269579e-33
CitCit-GlcCit,0.98,254,-9.74323808155669,6.98367495142155e-18
GlcGlc-CitCit,0.98,255,-0.820375169025807,0.413394217847481
GlcGlc-GlcCit,0.98,255,-12.1130518129438,1.38488782618748e-24
CitCit-GlcCit,0.98,255,-8.96860654674917,1.97730165599021e-15
GlcGlc-CitCit,0.98,256,1.01637906555374,0.310739248247022
GlcGlc-GlcCit,0.98,256,-12.9220266141894,8.31264703270825e-31
CitCit-GlcCit,0.98,256,-12.5369909710383,6.10990282712263e-26
GlcGlc-CitCit,0.98,257,0.433764579517961,0.664945242687377
GlcGlc-GlcCit,0.98,257,-8.80577971135006,2.69000480273359e-12
CitCit-GlcCit,0.98,257,-8.8784967230377,1.23701561822343e-12
GlcGlc-CitCit,0.98,258,0.231195783417636,0.817427719064803
GlcGlc-GlcCit,0.98,258,-8.48628192066812,2.55680987393788e-14
CitCit-GlcCit,0.98,258,-7.73313720899165,1.59927251624338e-12
GlcGlc-CitCit,0.98,259,2.27093508197919,0.0241021889208281
GlcGlc-GlcCit,0.98,259,-8.07452073717634,9.95030792033122e-14
CitCit-GlcCit,0.98,259,-10.1320631805001,1.28693403548299e-18
GlcGlc-CitCit,0.98,260,0.781494624372247,0.435676376415613
GlcGlc-GlcCit,0.98,260,-8.75335449578252,6.29873850605585e-13
CitCit-GlcCit,0.98,260,-8.80669341413015,1.71662962620672e-13
GlcGlc-CitCit,0.98,261,3.58990974793993,0.00050244424029285
GlcGlc-GlcCit,0.98,261,-8.53375485574637,2.92662894858046e-14
CitCit-GlcCit,0.98,261,-15.8365756483278,4.93898866276653e-27
GlcGlc-CitCit,0.98,262,-0.131550464579454,0.895621978822981
GlcGlc-GlcCit,0.98,262,-8.40944488369273,3.22957687942847e-15
CitCit-GlcCit,0.98,262,-6.36480256967258,1.04851458707377e-08
GlcGlc-CitCit,0.98,263,-1.51807401869688,0.13038432789215
GlcGlc-GlcCit,0.98,263,-12.511444685538,1.09836603334348e-25
CitCit-GlcCit,0.98,263,-9.74352564411559,3.2852285537562e-18
GlcGlc-CitCit,0.98,264,4.22404205757404,4.94066067721732e-05
GlcGlc-GlcCit,0.98,264,-6.26073438257704,9.31559251007861e-09
CitCit-GlcCit,0.98,264,-8.80010570481836,1.86142140187256e-14
GlcGlc-CitCit,0.98,265,-3.92961223578236,0.00019169193701499
GlcGlc-GlcCit,0.98,265,-19.2449861051883,3.38529723666197e-43
CitCit-GlcCit,0.98,265,-7.05056318453286,4.14099345584949e-10
GlcGlc-CitCit,0.98,266,-1.42434022187117,0.157008423753242
GlcGlc-GlcCit,0.98,266,-11.1691166060315,4.87973760375138e-21
CitCit-GlcCit,0.98,266,-6.74633166961803,4.24102043810429e-10
GlcGlc-CitCit,0.98,267,-2.71705104119989,0.00831684351173037
GlcGlc-GlcCit,0.98,267,-17.0941906562409,2.54782464377461e-40
CitCit-GlcCit,0.98,267,-7.80624023066457,6.91991055340891e-12
GlcGlc-CitCit,0.98,268,6.94871977535785,4.48058966879284e-11
GlcGlc-GlcCit,0.98,268,-6.04750511419944,6.22018379179663e-09
CitCit-GlcCit,0.98,268,-13.0997245941093,5.71811001500325e-28
GlcGlc-CitCit,0.98,269,-1.55425683963008,0.121788543909627
GlcGlc-GlcCit,0.98,269,-12.6415440991706,4.16132489736047e-28
CitCit-GlcCit,0.98,269,-7.92183976761149,3.06934685619273e-13
GlcGlc-CitCit,0.98,270,-0.366833291237698,0.714626661310319
GlcGlc-GlcCit,0.98,270,-16.1805869582842,7.31961136280576e-33
CitCit-GlcCit,0.98,270,-11.130123269214,1.16177953668456e-20
GlcGlc-CitCit,0.98,271,-1.7388325796222,0.0843864265561046
GlcGlc-GlcCit,0.98,271,-5.7722313051837,1.92860956585387e-07
CitCit-GlcCit,0.98,271,-3.39625552758171,0.000984222962567381
GlcGlc-CitCit,0.98,272,5.47992222662556,2.80510625164377e-07
GlcGlc-GlcCit,0.98,272,-0.908260708045538,0.36681973886582
CitCit-GlcCit,0.98,272,-5.62172277112196,2.77573397561857e-07
GlcGlc-CitCit,0.98,273,2.99428121008008,0.00303434070590413
GlcGlc-GlcCit,0.98,273,-10.838928047335,1.17078243213971e-22
CitCit-GlcCit,0.98,273,-14.5986678535944,1.68939116753864e-33
GlcGlc-CitCit,0.98,274,3.41730500695248,0.000766961455325537
GlcGlc-GlcCit,0.98,274,-10.0422162325576,3.49381604470905e-19
CitCit-GlcCit,0.98,274,-13.4560238745057,8.7027523806255e-27
GlcGlc-CitCit,0.98,275,1.55045732794172,0.122950864470888
GlcGlc-GlcCit,0.98,275,-10.6387765312582,7.03085731692266e-19
CitCit-GlcCit,0.98,275,-10.4207401610065,5.33418768471935e-19
GlcGlc-CitCit,0.98,276,-2.38869275057862,0.0188954026412186
GlcGlc-GlcCit,0.98,276,-13.2188198582281,9.99497806679268e-27
CitCit-GlcCit,0.98,276,-7.58624947639243,3.86011178145252e-12
GlcGlc-CitCit,0.98,277,4.28520361676882,2.77198308096969e-05
GlcGlc-GlcCit,0.98,277,-11.1172324120992,5.45679735614187e-24
CitCit-GlcCit,0.98,277,-15.3723774471689,1.73328204737999e-34
GlcGlc-CitCit,0.98,278,-0.569949242149785,0.569294568412685
GlcGlc-GlcCit,0.98,278,-9.99850896738663,4.07057131457725e-16
CitCit-GlcCit,0.98,278,-9.06142982604981,1.06758621716315e-14
GlcGlc-CitCit,0.98,279,3.8259647019403,0.000167345709035266
GlcGlc-GlcCit,0.98,279,-6.25679202105716,5.15146415666053e-09
CitCit-GlcCit,0.98,279,-9.42762523564532,4.93869644561466e-16
GlcGlc-CitCit,0.98,280,2.20941115687675,0.028175399247988
GlcGlc-GlcCit,0.98,280,-9.36204906385318,5.47942647960496e-16
CitCit-GlcCit,0.98,280,-11.5106206432635,2.8890646344819e-20
GlcGlc-CitCit,0.98,281,-2.85035677982367,0.00534761280770196
GlcGlc-GlcCit,0.98,281,-15.7443607440216,1.91151375535536e-30
CitCit-GlcCit,0.98,281,-9.22664933027749,2.94498439671142e-15
GlcGlc-CitCit,0.98,282,0.637726132925993,0.525344536377357
GlcGlc-GlcCit,0.98,282,-9.55744675196582,7.76618854435799e-18
CitCit-GlcCit,0.98,282,-6.95479983148483,4.97835747562265e-10
GlcGlc-CitCit,0.98,283,0.880757813409314,0.379834771895406
GlcGlc-GlcCit,0.98,283,-14.3697427095221,1.96954888928528e-31
CitCit-GlcCit,0.98,283,-14.6211764124326,3.31873414462612e-28
GlcGlc-CitCit,0.98,284,4.19249748509495,8.70601052963164e-05
GlcGlc-GlcCit,0.98,284,-7.58856259716808,3.70801552881236e-13
CitCit-GlcCit,0.98,284,-9.43709863466083,3.17299778629607e-13
GlcGlc-CitCit,0.98,285,-1.67069467346429,0.0979186191690618
GlcGlc-GlcCit,0.98,285,-14.2335015221031,1.71858168878374e-29
CitCit-GlcCit,0.98,285,-8.79139074047703,3.21598507866248e-15
GlcGlc-CitCit,0.98,286,-2.82406313623346,0.00562428808380732
GlcGlc-GlcCit,0.98,286,-16.8132979931194,4.37123107479401e-39
CitCit-GlcCit,0.98,286,-9.22097867824777,2.99610846673021e-16
GlcGlc-CitCit,0.98,287,-3.40808590862514,0.000884287081136551
GlcGlc-GlcCit,0.98,287,-16.3186102793662,6.62958578167578e-38
CitCit-GlcCit,0.98,287,-9.29105961133517,3.85236089976615e-16
GlcGlc-CitCit,0.98,288,5.7770726213018,1.94199533780379e-08
GlcGlc-GlcCit,0.98,288,-12.9614507088487,1.18547092762359e-27
CitCit-GlcCit,0.98,288,-20.9349441160501,1.25113109753905e-43
GlcGlc-CitCit,0.98,289,1.76572882415087,0.0786573685285344
GlcGlc-GlcCit,0.98,289,-10.1517554161311,7.73027751769889e-20
CitCit-GlcCit,0.98,289,-12.7332719197298,1.56650169928044e-26
GlcGlc-CitCit,0.98,290,2.20190395162741,0.0297943794769414
GlcGlc-GlcCit,0.98,290,-11.6013672163408,1.22124367724924e-18
CitCit-GlcCit,0.98,290,-11.7019602341397,3.55779148424896e-20
GlcGlc-CitCit,0.98,291,1.78968294656973,0.0756847834513371
GlcGlc-GlcCit,0.98,291,-5.23860137377253,2.68891633027563e-06
CitCit-GlcCit,0.98,291,-6.42872383300014,2.80363219934252e-08
GlcGlc-CitCit,0.98,292,-0.0269083160880212,0.978554770232677
GlcGlc-GlcCit,0.98,292,-9.58306176113223,1.10617819117291e-15
CitCit-GlcCit,0.98,292,-9.47845880655933,1.76244677348259e-15
GlcGlc-CitCit,0.98,293,1.81696629756599,0.0723837049777987
GlcGlc-GlcCit,0.98,293,-6.66176858782597,1.73031865880073e-10
CitCit-GlcCit,0.98,293,-6.83422307011513,5.50886589081147e-10
GlcGlc-CitCit,0.98,294,4.72558912807492,5.15765299606814e-06
GlcGlc-GlcCit,0.98,294,-10.5917379360093,2.03629292982289e-21
CitCit-GlcCit,0.98,294,-15.3583465152433,1.27194038958687e-27
GlcGlc-CitCit,0.98,295,2.34886067169803,0.0198457746143074
GlcGlc-GlcCit,0.98,295,-8.42868308110423,3.83307544988597e-14
CitCit-GlcCit,0.98,295,-10.1488373813232,4.81078636168914e-18
GlcGlc-CitCit,0.98,296,0.0781561994595763,0.937849512674418
GlcGlc-GlcCit,0.98,296,-11.4645925490523,2.04965262960803e-23
CitCit-GlcCit,0.98,296,-9.3162444453733,2.02716154762949e-15
GlcGlc-CitCit,0.98,297,1.30207097154133,0.195938973872082
GlcGlc-GlcCit,0.98,297,-6.95822157591313,9.67009462395511e-11
CitCit-GlcCit,0.98,297,-6.83829710996803,7.10028206838553e-10
GlcGlc-CitCit,0.98,298,0.210355451128759,0.833709009719332
GlcGlc-GlcCit,0.98,298,-6.47864965550624,1.11614255917532e-09
CitCit-GlcCit,0.98,298,-6.06538800277886,1.71196566513232e-08
GlcGlc-CitCit,0.98,299,-1.82344492322576,0.0711075486356272
GlcGlc-GlcCit,0.98,299,-13.6016203880077,9.64939741775292e-27
CitCit-GlcCit,0.98,299,-8.68296031378201,2.2669124141012e-14
GlcGlc-CitCit,0.98,300,-1.61480907732329,0.108257212727964
GlcGlc-GlcCit,0.98,300,-9.50246207990025,3.21982667070312e-13
CitCit-GlcCit,0.98,300,-8.21522184011004,1.9097655669039e-11
GlcGlc-CitCit,0.98,301,-1.68363096648847,0.0994173519188884
GlcGlc-GlcCit,0.98,301,-9.17028819250726,2.25030601141138e-16
CitCit-GlcCit,0.98,301,-3.36688064788149,0.00146533898053069
GlcGlc-CitCit,0.98,302,2.9083746151945,0.00390958150770747
GlcGlc-GlcCit,0.98,302,-15.3477654459156,8.62327853049659e-36
CitCit-GlcCit,0.98,302,-18.8308547135436,1.30078234146947e-42
GlcGlc-CitCit,0.98,303,-0.43914195643436,0.661199659689484
GlcGlc-GlcCit,0.98,303,-11.6124485479291,1.73086187756881e-23
CitCit-GlcCit,0.98,303,-10.0071694195699,6.05616493180539e-18
GlcGlc-CitCit,0.98,304,3.39802876328824,0.000834618011536736
GlcGlc-GlcCit,0.98,304,-7.58551782903199,6.03262597184387e-11
CitCit-GlcCit,0.98,304,-10.745160674952,3.66087915843305e-15
GlcGlc-CitCit,0.98,305,1.58291076890848,0.114515566668501
GlcGlc-GlcCit,0.98,305,-17.8246907131354,5.96952756608549e-43
CitCit-GlcCit,0.98,305,-21.106610792798,2.78731178608884e-48
GlcGlc-CitCit,0.98,306,2.23104660420058,0.0267149305265781
GlcGlc-GlcCit,0.98,306,-10.0105485037446,1.16180775637493e-19
CitCit-GlcCit,0.98,306,-12.6790794704874,1.11713298434394e-25
GlcGlc-CitCit,0.98,307,-1.07685314131209,0.287647785959741
GlcGlc-GlcCit,0.98,307,-11.1597196438644,2.40991256621953e-21
CitCit-GlcCit,0.98,307,-5.06114128609786,8.40328074295999e-06
GlcGlc-CitCit,0.98,308,2.21845816522778,0.0273837219725621
GlcGlc-GlcCit,0.98,308,-12.3043331315503,2.04116945672169e-27
CitCit-GlcCit,0.98,308,-16.0428056143054,4.53676819070817e-36
GlcGlc-CitCit,0.98,309,-1.0004453325585,0.318487594895661
GlcGlc-GlcCit,0.98,309,-5.14164842545181,1.37636586237655e-06
CitCit-GlcCit,0.98,309,-3.85233968919478,0.000198614480250673
GlcGlc-CitCit,0.98,310,2.7269041961884,0.00729350146476087
GlcGlc-GlcCit,0.98,310,-6.95934871971022,7.33492630883817e-11
CitCit-GlcCit,0.98,310,-8.7555242999499,8.60509269232429e-15
GlcGlc-CitCit,0.98,311,1.01797376678976,0.311436671098628
GlcGlc-GlcCit,0.98,311,-8.56939386852674,7.30764100814939e-15
CitCit-GlcCit,0.98,311,-7.08678228667028,2.36107884574156e-10
GlcGlc-CitCit,0.98,312,0.732276697870908,0.464712098664047
GlcGlc-GlcCit,0.98,312,-5.41747937636401,2.36842506831204e-07
CitCit-GlcCit,0.98,312,-5.9020023906907,2.52129110200178e-08
GlcGlc-CitCit,0.98,313,-4.16310968555749,7.48199747282842e-05
GlcGlc-GlcCit,0.98,313,-8.59179501571927,1.77372267521124e-13
CitCit-GlcCit,0.98,313,-2.74746204517581,0.00704066078711932
GlcGlc-CitCit,0.98,314,-1.68237755848926,0.0954531759384633
GlcGlc-GlcCit,0.98,314,-9.95464738265068,5.0166529339242e-15
CitCit-GlcCit,0.98,314,-6.99909209782237,3.41582065145145e-10
GlcGlc-CitCit,0.98,315,3.5466992261698,0.000491162946337101
GlcGlc-GlcCit,0.98,315,-10.8837819287975,1.17876169113718e-21
CitCit-GlcCit,0.98,315,-18.2869139302003,8.22638436077171e-42
GlcGlc-CitCit,0.98,316,-1.15483111377617,0.249398559442909
GlcGlc-GlcCit,0.98,316,-13.5550968247084,8.51171744640929e-22
CitCit-GlcCit,0.98,316,-11.8100602609692,3.36238373459462e-20
GlcGlc-CitCit,0.98,317,1.94238058577257,0.0543807285316242
GlcGlc-GlcCit,0.98,317,-11.7331557366457,7.3108404402327e-20
CitCit-GlcCit,0.98,317,-12.9428470644244,8.48601987370537e-22
GlcGlc-CitCit,0.98,318,1.67377930750674,0.0963120506387493
GlcGlc-GlcCit,0.98,318,-5.58969686628217,1.37329173360778e-07
CitCit-GlcCit,0.98,318,-7.31006727989882,6.04515748580516e-11
GlcGlc-CitCit,0.98,319,-0.174833858316721,0.861760351380699
GlcGlc-GlcCit,0.98,319,-10.5787519066595,1.18784674192472e-20
CitCit-GlcCit,0.98,319,-7.26430361202228,4.29776918107862e-10
GlcGlc-CitCit,0.98,320,-1.24634334858111,0.214093074065144
GlcGlc-GlcCit,0.98,320,-10.3551783984781,2.79712929654487e-19
CitCit-GlcCit,0.98,320,-9.9265851815427,9.6288169886412e-18
GlcGlc-CitCit,0.98,321,-1.42768980414583,0.156559648754671
GlcGlc-GlcCit,0.98,321,-14.0816542861385,8.0857569879706e-27
CitCit-GlcCit,0.98,321,-11.3568116329877,6.0648506380677e-19
GlcGlc-CitCit,0.98,322,3.00152538660143,0.00314110145493391
GlcGlc-GlcCit,0.98,322,-9.03099233957073,4.30800884974031e-13
CitCit-GlcCit,0.98,322,-11.178550111173,1.688760142221e-16
GlcGlc-CitCit,0.98,323,0.613056355896731,0.540278505570016
GlcGlc-GlcCit,0.98,323,-20.4213444179507,1.33934792116888e-57
CitCit-GlcCit,0.98,323,-22.6612511170165,9.89472334287771e-66
GlcGlc-CitCit,0.98,324,4.65612906892727,8.67684867329502e-06
GlcGlc-GlcCit,0.98,324,-10.380775237838,9.73025104340507e-21
CitCit-GlcCit,0.98,324,-14.8097905165408,1.49424469459507e-24
GlcGlc-CitCit,0.98,325,5.54945440669177,8.758192046199e-08
GlcGlc-GlcCit,0.98,325,-13.8488762499371,7.55891352481589e-31
CitCit-GlcCit,0.98,325,-18.9069857932404,5.17841607648618e-43
GlcGlc-CitCit,0.98,326,-0.130466265565084,0.896365310625245
GlcGlc-GlcCit,0.98,326,-17.7802731572598,1.75077556260065e-44
CitCit-GlcCit,0.98,326,-15.6409110046322,1.08539418461165e-33
GlcGlc-CitCit,0.98,327,7.09586783602662,2.05836127260128e-11
GlcGlc-GlcCit,0.98,327,-5.19119998820089,2.26749901541466e-06
CitCit-GlcCit,0.98,327,-12.026144474766,6.12812455186673e-14
GlcGlc-CitCit,0.98,328,2.82407936985208,0.00510898900683242
GlcGlc-GlcCit,0.98,328,-8.52266752502425,2.77881931469592e-15
CitCit-GlcCit,0.98,328,-12.1032732763643,4.2748063340868e-25
GlcGlc-CitCit,0.98,329,-0.10615369550472,0.915524448283662
GlcGlc-GlcCit,0.98,329,-32.0185411043216,2.02668828695014e-113
CitCit-GlcCit,0.98,329,-28.9564153512334,1.28572373478068e-87
GlcGlc-CitCit,0.98,330,-0.588191690863712,0.558903944050832
GlcGlc-GlcCit,0.98,330,-6.23521682752586,1.11645826519198e-08
CitCit-GlcCit,0.98,330,-3.38696988619352,0.00122026538553084
GlcGlc-CitCit,0.98,331,2.70682020648568,0.00743726513936434
GlcGlc-GlcCit,0.98,331,-10.1631005297891,8.72451675847961e-21
CitCit-GlcCit,0.98,331,-12.9267608663716,3.49627745815835e-25
GlcGlc-CitCit,0.98,332,2.03099366677361,0.0442422166879904
GlcGlc-GlcCit,0.98,332,-12.8286107420978,1.72847543524653e-27
CitCit-GlcCit,0.98,332,-12.3377867330006,2.32720707120041e-24
GlcGlc-CitCit,0.98,333,-3.20338328856819,0.00173456037994455
GlcGlc-GlcCit,0.98,333,-18.9225961469856,6.89317473669985e-40
CitCit-GlcCit,0.98,333,-10.9244350992559,5.8179279520586e-21
GlcGlc-CitCit,0.98,334,-1.5340328795136,0.126988637594684
GlcGlc-GlcCit,0.98,334,-15.9724300910901,1.5836693326148e-25
CitCit-GlcCit,0.98,334,-13.728184711403,3.00011892877455e-24
GlcGlc-CitCit,0.98,335,1.3665949259598,0.173649930202607
GlcGlc-GlcCit,0.98,335,-9.98239802502633,1.5290700486944e-19
CitCit-GlcCit,0.98,335,-9.63624195839857,1.60248103792393e-17
GlcGlc-CitCit,0.98,336,7.11622479975567,5.92300622736613e-10
GlcGlc-GlcCit,0.98,336,-3.6212887769242,0.000528138590959732
CitCit-GlcCit,0.98,336,-9.02659550628401,1.06615817698894e-13
GlcGlc-CitCit,0.98,337,-0.0510994286017567,0.959295642516508
GlcGlc-GlcCit,0.98,337,-10.0839385953791,1.05597991966104e-19
CitCit-GlcCit,0.98,337,-9.24056975097814,4.56552189736855e-17
GlcGlc-CitCit,0.98,338,2.87944821743396,0.00441777952401929
GlcGlc-GlcCit,0.98,338,-11.9495500447044,3.39070420335315e-26
CitCit-GlcCit,0.98,338,-16.2804750336437,1.83195202994786e-34
GlcGlc-CitCit,0.98,339,3.28726365255411,0.00117123268302836
GlcGlc-GlcCit,0.98,339,-14.4931963859382,1.00169749598557e-32
CitCit-GlcCit,0.98,339,-24.5959539313923,4.55795163089863e-68
GlcGlc-CitCit,0.98,340,0.577635766999419,0.564121628824164
GlcGlc-GlcCit,0.98,340,-8.70824677672026,1.7351530729159e-15
CitCit-GlcCit,0.98,340,-9.03524020679543,3.11257101564853e-16
GlcGlc-CitCit,0.98,341,1.88733659824106,0.0602041023836592
GlcGlc-GlcCit,0.98,341,-6.29793402135261,4.64837094046055e-09
CitCit-GlcCit,0.98,341,-7.83839921905182,1.61369044025983e-12
GlcGlc-CitCit,0.98,342,1.48369520701526,0.139628062033308
GlcGlc-GlcCit,0.98,342,-22.4221493533695,4.95572465243988e-69
CitCit-GlcCit,0.98,342,-20.0039949715578,1.78632576217278e-40
GlcGlc-CitCit,0.98,343,-2.07584443878558,0.0395584948425801
GlcGlc-GlcCit,0.98,343,-7.1190005206396,2.93930317802333e-09
CitCit-GlcCit,0.98,343,-4.59146823252388,1.67647397196596e-05
GlcGlc-CitCit,0.98,344,3.13036036501584,0.00208588487716912
GlcGlc-GlcCit,0.98,344,-9.52424051948268,1.98281723902472e-17
CitCit-GlcCit,0.98,344,-15.78187542374,2.35192813578732e-27
GlcGlc-CitCit,0.98,345,1.90615759105918,0.0578729704745225
GlcGlc-GlcCit,0.98,345,-11.083083218398,9.42166568502253e-24
CitCit-GlcCit,0.98,345,-12.8262294607515,4.98892188843602e-27
GlcGlc-CitCit,0.98,346,4.25437466832173,2.98569152163364e-05
GlcGlc-GlcCit,0.98,346,-12.9347999537198,9.29974082888385e-29
CitCit-GlcCit,0.98,346,-21.4919968023392,1.78431509731646e-54
GlcGlc-CitCit,0.98,347,-1.31232651913954,0.192446447015674
GlcGlc-GlcCit,0.98,347,-6.56016052505061,5.53695642932217e-10
CitCit-GlcCit,0.98,347,-3.29766307502482,0.00131430191909791
GlcGlc-CitCit,0.98,348,3.19076787303795,0.00168861780218266
GlcGlc-GlcCit,0.98,348,-10.3797341062829,3.84727964135593e-21
CitCit-GlcCit,0.98,348,-11.9864049703275,8.56073673433815e-24
GlcGlc-CitCit,0.98,349,-0.422943278956069,0.67376592337998
GlcGlc-GlcCit,0.98,349,-8.07087052024621,4.70293795162454e-13
CitCit-GlcCit,0.98,349,-4.99392586969954,3.01603944847939e-06
GlcGlc-CitCit,0.98,350,0.555671023748377,0.580767554443848
GlcGlc-GlcCit,0.98,350,-8.22133871866333,1.11539382786542e-11
CitCit-GlcCit,0.98,350,-5.69423334692594,3.04604630663214e-07
GlcGlc-CitCit,0.98,351,0.905589285141718,0.36783681386307
GlcGlc-GlcCit,0.98,351,-9.32136762307893,6.87060520652745e-14
CitCit-GlcCit,0.98,351,-8.01481862438712,3.37080002741541e-12
GlcGlc-CitCit,0.98,352,2.22949493365605,0.0274801161651573
GlcGlc-GlcCit,0.98,352,-14.74089815166,7.85512908759852e-29
CitCit-GlcCit,0.98,352,-14.3085879568759,3.30648903092742e-27
GlcGlc-CitCit,0.98,353,-0.0216974170071994,0.982719500373657
GlcGlc-GlcCit,0.98,353,-5.35866611236875,1.88464949731923e-06
CitCit-GlcCit,0.98,353,-5.02753175024738,4.53897985106909e-06
GlcGlc-CitCit,0.98,354,2.10494805605215,0.0363371011106841
GlcGlc-GlcCit,0.98,354,-11.2775295510773,5.7539073085915e-24
CitCit-GlcCit,0.98,354,-13.9980884631767,3.33492471087791e-30
GlcGlc-CitCit,0.98,355,-0.526728703964461,0.599127380796059
GlcGlc-GlcCit,0.98,355,-19.1349417700396,5.71308890942417e-51
CitCit-GlcCit,0.98,355,-15.3905300516958,1.61369102326837e-34
GlcGlc-CitCit,0.98,356,0.242976153285298,0.808291780362758
GlcGlc-GlcCit,0.98,356,-11.345475441811,1.99436254257839e-22
CitCit-GlcCit,0.98,356,-14.4042015314884,3.33616706417063e-32
GlcGlc-CitCit,0.98,357,1.04673562499172,0.29663828212863
GlcGlc-GlcCit,0.98,357,-8.01985745259267,3.44225814319944e-13
CitCit-GlcCit,0.98,357,-8.69938120264286,1.26148360220668e-14
GlcGlc-CitCit,0.98,358,-0.367275588168942,0.714114396727367
GlcGlc-GlcCit,0.98,358,-13.8029831820651,4.53526365319383e-30
CitCit-GlcCit,0.98,358,-10.1791816825445,2.1038116164005e-17
GlcGlc-CitCit,0.98,359,-1.27473466657628,0.204863410373038
GlcGlc-GlcCit,0.98,359,-13.703200786956,7.14774605587562e-30
CitCit-GlcCit,0.98,359,-9.12120139814553,4.4724678873632e-15
GlcGlc-CitCit,0.98,360,3.23630067868892,0.00176677351148149
GlcGlc-GlcCit,0.98,360,-5.58197668414393,2.07144946364164e-07
CitCit-GlcCit,0.98,360,-7.44467489095564,5.43226188088603e-11
GlcGlc-CitCit,0.98,361,-1.96662010833142,0.0508750462515413
GlcGlc-GlcCit,0.98,361,-8.84219223643782,5.23958914590004e-15
CitCit-GlcCit,0.98,361,-5.99044440491433,1.64638391724566e-08
GlcGlc-CitCit,0.98,362,-2.16548987240926,0.0312945822952138
GlcGlc-GlcCit,0.98,362,-7.21395609126286,1.15960036033138e-11
CitCit-GlcCit,0.98,362,-5.02478349236847,1.02261833284124e-06
GlcGlc-CitCit,0.98,363,-1.27740106626528,0.203009210322894
GlcGlc-GlcCit,0.98,363,-10.8914863561795,4.14560457832526e-21
CitCit-GlcCit,0.98,363,-8.5076067778494,6.92482508374848e-15
GlcGlc-CitCit,0.98,364,2.15188650725789,0.0327414398091165
GlcGlc-GlcCit,0.98,364,-14.24363410566,7.44471280674271e-33
CitCit-GlcCit,0.98,364,-16.022919592573,1.13083934058947e-33
GlcGlc-CitCit,0.98,365,-3.02400815807337,0.00281166142437274
GlcGlc-GlcCit,0.98,365,-10.4209485647818,1.29446699675802e-19
CitCit-GlcCit,0.98,365,-6.56095583998974,6.72031684278046e-10
GlcGlc-CitCit,0.98,366,0.914466045555128,0.361582093460139
GlcGlc-GlcCit,0.98,366,-13.3803269654888,3.45558688928838e-23
CitCit-GlcCit,0.98,366,-13.6452598573053,3.84932170764748e-24
GlcGlc-CitCit,0.98,367,6.08745265693509,3.93617701911086e-09
GlcGlc-GlcCit,0.98,367,-18.4387594750552,5.61495262007124e-50
CitCit-GlcCit,0.98,367,-32.6211525961566,4.14466355983361e-90
GlcGlc-CitCit,0.98,368,4.0607394809927,6.94858908482581e-05
GlcGlc-GlcCit,0.98,368,-10.2896382050484,1.26168610623663e-19
CitCit-GlcCit,0.98,368,-15.5491457506953,6.49539262745872e-30
GlcGlc-CitCit,0.98,369,0.560515208489987,0.575811887779229
GlcGlc-GlcCit,0.98,369,-9.99877017392464,6.37385091500491e-18
CitCit-GlcCit,0.98,369,-10.0495718235398,3.99936147860112e-18
GlcGlc-CitCit,0.98,370,-0.169690127859703,0.865457007870948
GlcGlc-GlcCit,0.98,370,-10.2421695629152,3.22952016621001e-20
CitCit-GlcCit,0.98,370,-8.51787445685639,1.34529453073167e-14
GlcGlc-CitCit,0.98,371,0.707994424536828,0.479977762908267
GlcGlc-GlcCit,0.98,371,-10.2889179550927,9.37780698717446e-20
CitCit-GlcCit,0.98,371,-10.1897187481297,2.12519876459334e-18
GlcGlc-CitCit,0.98,372,-2.47959577063705,0.0143618229937149
GlcGlc-GlcCit,0.98,372,-27.2969604312939,1.31404277734709e-67
CitCit-GlcCit,0.98,372,-14.9911322535478,1.21799299020438e-28
GlcGlc-CitCit,0.98,373,2.81301877557058,0.00539118004546731
GlcGlc-GlcCit,0.98,373,-9.3022799781481,9.29691767181914e-18
CitCit-GlcCit,0.98,373,-13.7277445292769,2.67263755845618e-27
GlcGlc-CitCit,0.98,374,0.624072541826437,0.533233151309926
GlcGlc-GlcCit,0.98,374,-11.2493778735529,2.97514568381761e-22
CitCit-GlcCit,0.98,374,-12.1547482412327,7.03877774069857e-25
GlcGlc-CitCit,0.98,375,3.93791875329554,0.000130990418515451
GlcGlc-GlcCit,0.98,375,-5.90953137015193,2.42135427355964e-08
CitCit-GlcCit,0.98,375,-12.4951742094931,2.25620057729891e-26
GlcGlc-CitCit,0.98,376,4.78851834073402,3.49773227703879e-06
GlcGlc-GlcCit,0.98,376,-10.0935001827974,4.82948566917225e-19
CitCit-GlcCit,0.98,376,-15.0748510606616,3.04931147857799e-29
GlcGlc-CitCit,0.98,377,1.94442961029656,0.0540819890894024
GlcGlc-GlcCit,0.98,377,-4.50902591575731,5.25480807623335e-05
CitCit-GlcCit,0.98,377,-5.60477765931303,7.69909866268847e-07
GlcGlc-CitCit,0.98,378,-3.64112388639182,0.000446492641786274
GlcGlc-GlcCit,0.98,378,-8.34414819924348,2.08189860394013e-09
CitCit-GlcCit,0.98,378,-4.88990281003128,1.38981837381783e-05
GlcGlc-CitCit,0.98,379,-2.55722674280968,0.0113719430315793
GlcGlc-GlcCit,0.98,379,-12.3755921924524,9.32653850384283e-28
CitCit-GlcCit,0.98,379,-7.24335934060627,3.36026357644e-11
GlcGlc-CitCit,0.98,380,1.26085567800765,0.209130777745087
GlcGlc-GlcCit,0.98,380,-9.96498495075586,7.37334049899043e-18
CitCit-GlcCit,0.98,380,-9.91689824053897,1.03774639062243e-17
GlcGlc-CitCit,0.98,381,4.65563920102079,6.0468162318444e-06
GlcGlc-GlcCit,0.98,381,-6.60861332543723,4.24515084216538e-10
CitCit-GlcCit,0.98,381,-13.4146666802015,1.22111307376318e-27
GlcGlc-CitCit,0.98,382,3.99519049905603,9.29265500300476e-05
GlcGlc-GlcCit,0.98,382,-6.03907228823823,3.45882509946505e-08
CitCit-GlcCit,0.98,382,-10.3116967874519,9.33865938025114e-16
GlcGlc-CitCit,0.98,383,0.00870817525306217,0.993061455096923
GlcGlc-GlcCit,0.98,383,-9.95114068007027,1.25054862004382e-17
CitCit-GlcCit,0.98,383,-9.97070240844129,1.16747917782648e-17
GlcGlc-CitCit,0.98,384,-0.77280717991787,0.441793432837745
GlcGlc-GlcCit,0.98,384,-14.183722709947,5.35432014339522e-25
CitCit-GlcCit,0.98,384,-10.9200095710094,1.44166521593725e-19
GlcGlc-CitCit,0.98,385,2.05274938110032,0.041191982830925
GlcGlc-GlcCit,0.98,385,-8.07850215037895,4.8406991886772e-12
CitCit-GlcCit,0.98,385,-9.50038282533525,3.77992510721932e-15
GlcGlc-CitCit,0.98,386,-3.5714947601619,0.0004851456314772
GlcGlc-GlcCit,0.98,386,-11.088411781446,1.48934375184412e-20
CitCit-GlcCit,0.98,386,-5.81722959449697,3.39112527565759e-08
GlcGlc-CitCit,0.98,387,1.38349035451338,0.169257324720844
GlcGlc-GlcCit,0.98,387,-13.9855773353309,3.87544823028596e-29
CitCit-GlcCit,0.98,387,-12.5505373379316,9.25968650458156e-24
GlcGlc-CitCit,0.98,388,2.08057637501053,0.0394082174719381
GlcGlc-GlcCit,0.98,388,-11.6901396561774,2.03504866190538e-24
CitCit-GlcCit,0.98,388,-11.8168899570932,4.5467798267769e-22
GlcGlc-CitCit,0.98,389,3.44910680947877,0.000670931803977344
GlcGlc-GlcCit,0.98,389,-16.9256570887782,1.27995847613037e-44
CitCit-GlcCit,0.98,389,-29.2545285693792,5.31853548910593e-70
GlcGlc-CitCit,0.98,390,3.66845070054471,0.000297913067258886
GlcGlc-GlcCit,0.98,390,-19.8770813857414,1.276945043702e-43
CitCit-GlcCit,0.98,390,-25.8535355406291,1.09859491526543e-44
GlcGlc-CitCit,0.98,391,-0.360372012003494,0.719366924603611
GlcGlc-GlcCit,0.98,391,-16.0009382534617,1.12236105489854e-34
CitCit-GlcCit,0.98,391,-20.8158949524665,1.86449569207806e-43
GlcGlc-CitCit,0.98,392,0.895957247561847,0.37184316513791
GlcGlc-GlcCit,0.98,392,-14.9464347542186,5.1100550878882e-32
CitCit-GlcCit,0.98,392,-20.3232726993293,9.43651461124504e-43
GlcGlc-CitCit,0.98,393,-0.857789924800604,0.392719097160597
GlcGlc-GlcCit,0.98,393,-20.1933470296557,7.67822942088073e-48
CitCit-GlcCit,0.98,393,-15.9772462037616,3.16983098720893e-31
GlcGlc-CitCit,0.98,394,2.87600392549793,0.00463142242004245
GlcGlc-GlcCit,0.98,394,-7.14891579182665,1.74529782084536e-10
CitCit-GlcCit,0.98,394,-10.5432509804307,4.97565877228542e-16
GlcGlc-CitCit,0.98,395,-0.278512527903022,0.781644437033605
GlcGlc-GlcCit,0.98,395,-9.30584604191981,9.09048526310727e-17
CitCit-GlcCit,0.98,395,-6.45610041907126,3.68345351723376e-08
GlcGlc-CitCit,0.98,396,0.995843007274419,0.320748277358012
GlcGlc-GlcCit,0.98,396,-17.8208690096837,2.14495148797831e-49
CitCit-GlcCit,0.98,396,-15.0105311763419,5.88905067231129e-30
GlcGlc-CitCit,0.98,397,-1.87868668946642,0.0654912812927826
GlcGlc-GlcCit,0.98,397,-10.140932800206,5.03415663786435e-17
CitCit-GlcCit,0.98,397,-5.46051160339034,4.99827852619978e-07
GlcGlc-CitCit,0.98,398,0.690564038936551,0.49087121806187
GlcGlc-GlcCit,0.98,398,-10.2697411071341,1.61356276242747e-20
CitCit-GlcCit,0.98,398,-9.82481635236582,7.1593676120802e-17
GlcGlc-CitCit,0.98,399,0.699743791573547,0.485612803040478
GlcGlc-GlcCit,0.98,399,-17.7289022832118,5.76490703280916e-30
CitCit-GlcCit,0.98,399,-15.3066426562986,5.92200570404578e-27
GlcGlc-CitCit,0.98,400,1.73711534417405,0.083600293623214
GlcGlc-GlcCit,0.98,400,-21.8518903173519,6.96791775597869e-62
CitCit-GlcCit,0.98,400,-21.1881824328412,7.84000113646357e-50
GlcGlc-CitCit,0.98,401,-1.64957692593097,0.100187941954491
GlcGlc-GlcCit,0.98,401,-25.10066200441,1.67813237240986e-71
CitCit-GlcCit,0.98,401,-21.7198684354506,9.0168369473099e-59
GlcGlc-CitCit,0.98,402,0.752330103754958,0.452814916972092
GlcGlc-GlcCit,0.98,402,-10.7024896367689,1.49365935555883e-19
CitCit-GlcCit,0.98,402,-12.5149582716407,4.40503192498558e-22
GlcGlc-CitCit,0.98,403,3.28610615456623,0.0011514164732229
GlcGlc-GlcCit,0.98,403,-14.0729325267969,1.17821536457714e-33
CitCit-GlcCit,0.98,403,-18.578796688319,9.30380423498113e-45
GlcGlc-CitCit,0.98,404,-0.741807638591615,0.459993826741823
GlcGlc-GlcCit,0.98,404,-7.66677185452104,2.49151105526349e-12
CitCit-GlcCit,0.98,404,-5.42312408928745,6.79598982458927e-07
GlcGlc-CitCit,0.98,405,2.43185147290701,0.0159446663134203
GlcGlc-GlcCit,0.98,405,-5.62884482703959,8.40043030145734e-08
CitCit-GlcCit,0.98,405,-8.55401381128842,3.70892181567165e-14
GlcGlc-CitCit,0.98,406,1.12495980536334,0.262077002298787
GlcGlc-GlcCit,0.98,406,-9.64298886836036,3.11057199713306e-12
CitCit-GlcCit,0.98,406,-10.2226752911374,3.20630671141419e-13
GlcGlc-CitCit,0.98,407,2.03418888657264,0.0428715724131118
GlcGlc-GlcCit,0.98,407,-11.1760066932734,2.5362965326632e-23
CitCit-GlcCit,0.98,407,-14.0194635869105,1.00267129485784e-31
GlcGlc-CitCit,0.98,408,-0.599341796371767,0.55003640231112
GlcGlc-GlcCit,0.98,408,-12.8878116304794,1.85755906959077e-26
CitCit-GlcCit,0.98,408,-10.5027901259335,1.73400427743403e-18
GlcGlc-CitCit,0.98,409,2.80991627780178,0.00569590039803533
GlcGlc-GlcCit,0.98,409,-7.54050482100303,9.05448209317045e-12
CitCit-GlcCit,0.98,409,-10.5274376335037,1.13999478235275e-17
GlcGlc-CitCit,0.98,410,0.49162921122499,0.623620900658211
GlcGlc-GlcCit,0.98,410,-5.4278694866689,5.93236089025625e-07
CitCit-GlcCit,0.98,410,-5.57361579790152,2.78336477855335e-07
GlcGlc-CitCit,0.98,411,0.971443424438078,0.332443000741245
GlcGlc-GlcCit,0.98,411,-15.8443910084456,7.9459169952645e-39
CitCit-GlcCit,0.98,411,-15.9670996587333,1.23617093029065e-36
GlcGlc-CitCit,0.98,412,-5.34152723100882,3.25610799679022e-07
GlcGlc-GlcCit,0.98,412,-10.7407531703033,6.88802567559164e-18
CitCit-GlcCit,0.98,412,-4.43951150468586,1.80015736484372e-05
GlcGlc-CitCit,0.98,413,0.858200252743996,0.391882737513332
GlcGlc-GlcCit,0.98,413,-12.8504970537447,5.70514634114679e-30
CitCit-GlcCit,0.98,413,-11.3834093942087,2.90708135006564e-23
GlcGlc-CitCit,0.98,414,2.01902055044976,0.0451771040463428
GlcGlc-GlcCit,0.98,414,-8.50023871101858,7.09575287720434e-13
CitCit-GlcCit,0.98,414,-9.65252229904713,2.09646917938581e-15
GlcGlc-CitCit,0.98,415,-0.264156121277166,0.791936847064597
GlcGlc-GlcCit,0.98,415,-9.77913547481123,9.84718037752828e-18
CitCit-GlcCit,0.98,415,-8.31296687094923,3.09073652076873e-14
GlcGlc-CitCit,0.98,416,-0.0537705799525499,0.957174522725307
GlcGlc-GlcCit,0.98,416,-7.00428569744326,7.14020237898702e-11
CitCit-GlcCit,0.98,416,-6.83287904404873,1.85207348824797e-10
GlcGlc-CitCit,0.98,417,6.54872891621919,5.31174217334263e-10
GlcGlc-GlcCit,0.98,417,-9.12432184438733,8.53917373405295e-16
CitCit-GlcCit,0.98,417,-14.8540451606675,2.13263860085081e-27
GlcGlc-CitCit,0.98,418,2.41403424796568,0.0168400720010268
GlcGlc-GlcCit,0.98,418,-9.55141087118377,3.67903532719447e-18
CitCit-GlcCit,0.98,418,-10.9438395610767,1.29144200800367e-20
GlcGlc-CitCit,0.98,419,0.352483146558374,0.724782821236852
GlcGlc-GlcCit,0.98,419,-11.3172397231448,6.96744314953784e-25
CitCit-GlcCit,0.98,419,-11.345548813231,3.23115423049726e-23
GlcGlc-CitCit,0.98,420,2.52200154697635,0.0126317758863809
GlcGlc-GlcCit,0.98,420,-8.11337101537431,1.90566930666287e-13
CitCit-GlcCit,0.98,420,-14.2135615418432,3.12091771951605e-31
GlcGlc-CitCit,0.98,421,-0.765410190924035,0.4446180803406
GlcGlc-GlcCit,0.98,421,-17.6712143996859,1.15302526936173e-41
CitCit-GlcCit,0.98,421,-15.9762242932336,3.00646399235669e-37
GlcGlc-CitCit,0.98,422,1.11551677404303,0.26660376189709
GlcGlc-GlcCit,0.98,422,-9.81980218259731,1.25939825658259e-16
CitCit-GlcCit,0.98,422,-10.0720555974323,3.51476719800441e-17
GlcGlc-CitCit,0.98,423,4.16531388389425,4.80437829160084e-05
GlcGlc-GlcCit,0.98,423,-12.7449572695181,2.15206213705106e-27
CitCit-GlcCit,0.98,423,-22.3893679256601,7.25403559313906e-54
GlcGlc-CitCit,0.98,424,1.60238721513032,0.113260191012248
GlcGlc-GlcCit,0.98,424,-13.7155865440522,2.07593864726139e-28
CitCit-GlcCit,0.98,424,-12.6856221246631,2.61721885933595e-20
GlcGlc-CitCit,0.98,425,3.37997092882961,0.000871811907127195
GlcGlc-GlcCit,0.98,425,-6.47327497020202,8.99486110040217e-10
CitCit-GlcCit,0.98,425,-9.60643152110701,4.97185811617109e-17
GlcGlc-CitCit,0.98,426,-0.821304617146408,0.412887821912427
GlcGlc-GlcCit,0.98,426,-11.800190858296,2.80945993162357e-24
CitCit-GlcCit,0.98,426,-8.75738820377136,1.26262630311636e-14
GlcGlc-CitCit,0.98,427,8.27154094483058,8.58716061616804e-15
GlcGlc-GlcCit,0.98,427,-3.69127992653407,0.000282011553859885
CitCit-GlcCit,0.98,427,-11.7906547068754,1.65342698540516e-23
GlcGlc-CitCit,0.98,428,-0.578390736282312,0.564598367055299
GlcGlc-GlcCit,0.98,428,-7.25956957424194,4.50610135058372e-12
CitCit-GlcCit,0.98,428,-4.23622696580758,5.93125720932893e-05
GlcGlc-CitCit,0.98,429,0.902231712615182,0.367915760891814
GlcGlc-GlcCit,0.98,429,-16.94868558337,2.85296965942021e-35
CitCit-GlcCit,0.98,429,-16.6337674700928,2.294241046848e-35
GlcGlc-CitCit,0.98,430,0.993370075436677,0.322853091689118
GlcGlc-GlcCit,0.98,430,-19.0505064208764,7.00635100667572e-37
CitCit-GlcCit,0.98,430,-17.3301548594279,1.22638185573042e-30
GlcGlc-CitCit,0.98,431,-1.75370592186598,0.0809841257710936
GlcGlc-GlcCit,0.98,431,-10.5443449818431,3.8554841735918e-21
CitCit-GlcCit,0.98,431,-7.34452423311599,6.06781382851975e-12
GlcGlc-CitCit,0.98,432,0.653196494602461,0.515051119890782
GlcGlc-GlcCit,0.98,432,-13.167142030658,1.16005173402316e-30
CitCit-GlcCit,0.98,432,-9.81888986973778,4.05153563950751e-16
GlcGlc-CitCit,0.98,433,2.93083664901394,0.00389058523341378
GlcGlc-GlcCit,0.98,433,-10.2004138169469,1.93334484286371e-15
CitCit-GlcCit,0.98,433,-11.8593861144738,5.9303933854237e-19
GlcGlc-CitCit,0.98,434,0.941764544287665,0.347672863920308
GlcGlc-GlcCit,0.98,434,-13.4657994170888,1.96884803871195e-30
CitCit-GlcCit,0.98,434,-12.7525640476188,2.94127325135429e-25
GlcGlc-CitCit,0.98,435,1.34699756689394,0.179604763895296
GlcGlc-GlcCit,0.98,435,-9.80315429711192,5.1462849927461e-18
CitCit-GlcCit,0.98,435,-11.8171675316341,1.93208616094043e-23
GlcGlc-CitCit,0.98,436,4.6953465748868,4.83770887933703e-06
GlcGlc-GlcCit,0.98,436,-8.96881307949397,4.22899606957973e-17
CitCit-GlcCit,0.98,436,-13.4814844158588,1.36040777787674e-28
GlcGlc-CitCit,0.98,437,4.64057242792457,5.28440686638834e-06
GlcGlc-GlcCit,0.98,437,-14.379547351567,4.68156804827229e-36
CitCit-GlcCit,0.98,437,-20.7666768491053,1.01608453358653e-50
GlcGlc-CitCit,0.98,438,5.19940103924679,4.70313677312202e-07
GlcGlc-GlcCit,0.98,438,-13.4650473391097,1.43670100480546e-30
CitCit-GlcCit,0.98,438,-23.2182048556069,1.8537731091361e-46
GlcGlc-CitCit,0.98,439,1.17264117254094,0.242377185851761
GlcGlc-GlcCit,0.98,439,-24.3905345402796,2.95852317497555e-61
CitCit-GlcCit,0.98,439,-24.088916713018,2.16510514850885e-54
GlcGlc-CitCit,0.98,440,-0.960949090245574,0.338311873270255
GlcGlc-GlcCit,0.98,440,-10.4278054246385,8.11193019932196e-20
CitCit-GlcCit,0.98,440,-7.68836627658474,3.41908992491644e-12
GlcGlc-CitCit,0.98,441,-4.31678008243862,2.46009561979368e-05
GlcGlc-GlcCit,0.98,441,-17.2202417311704,1.749743403525e-32
CitCit-GlcCit,0.98,441,-12.2472157180927,1.75797726648e-23
GlcGlc-CitCit,0.98,442,4.48657060587468,1.1604462547172e-05
GlcGlc-GlcCit,0.98,442,-5.572020858357,8.49383739494861e-08
CitCit-GlcCit,0.98,442,-11.6299147318128,7.32227665664618e-23
GlcGlc-CitCit,0.98,443,-0.712972344610017,0.477270204553085
GlcGlc-GlcCit,0.98,443,-7.88809895042865,3.18354280525322e-13
CitCit-GlcCit,0.98,443,-5.53423490848852,4.03534536204382e-07
GlcGlc-CitCit,0.98,444,2.4952314493313,0.0134575632653596
GlcGlc-GlcCit,0.98,444,-8.5911215515589,3.08603415694926e-15
CitCit-GlcCit,0.98,444,-13.0641763156202,1.15647336551173e-26
GlcGlc-CitCit,0.98,445,-1.18904964566251,0.236809286344991
GlcGlc-GlcCit,0.98,445,-20.3932418904895,4.12553510328106e-34
CitCit-GlcCit,0.98,445,-14.4856710848997,1.22142857352479e-27
GlcGlc-CitCit,0.98,446,4.3437074870949,2.25394975899377e-05
GlcGlc-GlcCit,0.98,446,-7.0275807750658,3.92031499073769e-11
CitCit-GlcCit,0.98,446,-13.7737766165391,3.25557874272958e-28
GlcGlc-CitCit,0.98,447,6.63518959966594,1.92760124814804e-10
GlcGlc-GlcCit,0.98,447,-10.2991891665388,6.59542217696088e-19
CitCit-GlcCit,0.98,447,-16.4835421049198,3.2082282269009e-29
GlcGlc-CitCit,0.98,448,0.21471954413083,0.830256570722035
GlcGlc-GlcCit,0.98,448,-11.3309387296259,8.60720357435665e-23
CitCit-GlcCit,0.98,448,-10.5247001550738,6.22001963193701e-20
GlcGlc-CitCit,0.98,449,0.61395462425638,0.539868699273146
GlcGlc-GlcCit,0.98,449,-7.13227744584136,1.36034252825587e-11
CitCit-GlcCit,0.98,449,-7.19947040054599,1.38208662858078e-11
GlcGlc-CitCit,0.98,450,-3.13183271311964,0.00200172447418597
GlcGlc-GlcCit,0.98,450,-14.379865744595,3.27573314599227e-26
CitCit-GlcCit,0.98,450,-10.5634922425612,1.47119072979364e-19
GlcGlc-CitCit,0.98,451,0.888557323688197,0.37544459446467
GlcGlc-GlcCit,0.98,451,-5.38790985895199,5.77633613694848e-07
CitCit-GlcCit,0.98,451,-6.06906816228822,3.35350657056515e-08
GlcGlc-CitCit,0.98,452,-0.263033312115502,0.793401805991312
GlcGlc-GlcCit,0.98,452,-16.1004974448677,1.0568702560201e-40
CitCit-GlcCit,0.98,452,-8.98666273309632,1.05558263996968e-12
GlcGlc-CitCit,0.98,453,5.5460004275939,8.35518286083223e-08
GlcGlc-GlcCit,0.98,453,-5.49196901125058,1.46798340606017e-07
CitCit-GlcCit,0.98,453,-11.9365257604339,5.63553803137393e-22
GlcGlc-CitCit,0.98,454,5.10758097823738,7.05237779530163e-07
GlcGlc-GlcCit,0.98,454,-6.98171215936469,3.63203804775948e-11
CitCit-GlcCit,0.98,454,-14.4553306431635,7.75811832547947e-31
GlcGlc-CitCit,0.98,455,3.83900419373557,0.000157536398617356
GlcGlc-GlcCit,0.98,455,-8.02860470208168,1.13430952702573e-13
CitCit-GlcCit,0.98,455,-11.4486149166986,5.50911213026139e-23
GlcGlc-CitCit,0.98,456,2.18513568670561,0.0300864919743092
GlcGlc-GlcCit,0.98,456,-16.9617019640009,1.93817510979933e-41
CitCit-GlcCit,0.98,456,-20.5880648510444,4.60617545690996e-40
GlcGlc-CitCit,0.98,457,3.40951005365188,0.000859073536352313
GlcGlc-GlcCit,0.98,457,-6.48744533151566,9.01773714777088e-10
CitCit-GlcCit,0.98,457,-8.44773657802973,3.48403370416522e-14
GlcGlc-CitCit,0.98,458,0.685503602418695,0.494144810025147
GlcGlc-GlcCit,0.98,458,-10.5877197301045,6.08663396077214e-16
CitCit-GlcCit,0.98,458,-10.0457106831235,3.71746096707252e-16
GlcGlc-CitCit,0.98,459,3.01148314169549,0.00302941727468253
GlcGlc-GlcCit,0.98,459,-8.23701568877395,2.44014903674074e-14
CitCit-GlcCit,0.98,459,-9.83968970940161,8.75007307473453e-18
GlcGlc-CitCit,0.98,460,5.25300358130547,4.74182850210157e-07
GlcGlc-GlcCit,0.98,460,-7.27474795029504,1.29188191837969e-11
CitCit-GlcCit,0.98,460,-14.4092120892425,6.31599190108596e-28
GlcGlc-CitCit,0.98,461,0.100526908390678,0.920235872217272
GlcGlc-GlcCit,0.98,461,-13.4002543567461,2.02060230498129e-27
CitCit-GlcCit,0.98,461,-8.16192661404132,6.76283003940064e-12
GlcGlc-CitCit,0.98,462,2.77292023689346,0.00611457985353541
GlcGlc-GlcCit,0.98,462,-7.98108134814618,7.55118352817478e-13
CitCit-GlcCit,0.98,462,-11.6456570922747,2.1921405647057e-19
GlcGlc-CitCit,0.98,463,0.963372064263637,0.336515106608097
GlcGlc-GlcCit,0.98,463,-13.9169582264172,2.61938115202814e-31
CitCit-GlcCit,0.98,463,-16.0617431081866,1.216455725193e-34
GlcGlc-CitCit,0.98,464,0.765707012548308,0.444925879325779
GlcGlc-GlcCit,0.98,464,-12.6581894420062,2.83328831981532e-27
CitCit-GlcCit,0.98,464,-11.5195528136497,1.17352587300395e-21
GlcGlc-CitCit,0.98,465,-2.73474704690517,0.00719746309315392
GlcGlc-GlcCit,0.98,465,-9.86486678231756,5.90863018456242e-18
CitCit-GlcCit,0.98,465,-5.22431310082542,6.21051712549422e-07
GlcGlc-CitCit,0.98,466,2.7105423813161,0.00722525266184984
GlcGlc-GlcCit,0.98,466,-8.16181800202689,2.55897304541683e-13
CitCit-GlcCit,0.98,466,-11.6676240982247,1.59115377286699e-19
GlcGlc-CitCit,0.98,467,4.41126071835749,1.53490772823392e-05
GlcGlc-GlcCit,0.98,467,-14.2169283334307,3.10380336150008e-33
CitCit-GlcCit,0.98,467,-21.2671646915324,6.68292428429339e-50
GlcGlc-CitCit,0.98,468,-3.59514080096586,0.00042238326005919
GlcGlc-GlcCit,0.98,468,-12.3212676497625,1.65041887334507e-23
CitCit-GlcCit,0.98,468,-6.70150835663967,3.45652032840037e-10
GlcGlc-CitCit,0.98,469,0.942395723035552,0.348788092844425
GlcGlc-GlcCit,0.98,469,-10.3491064864705,1.7015450375629e-18
CitCit-GlcCit,0.98,469,-9.1065367405136,1.7407142374242e-14
GlcGlc-CitCit,0.98,470,0.895387671654256,0.371681901051574
GlcGlc-GlcCit,0.98,470,-7.66898902519518,1.48334688803655e-11
CitCit-GlcCit,0.98,470,-7.38922392889574,1.98499257235944e-11
GlcGlc-CitCit,0.98,471,-3.46648165275915,0.000629487779012183
GlcGlc-GlcCit,0.98,471,-13.360021468883,1.04678718418197e-24
CitCit-GlcCit,0.98,471,-10.2306216327412,1.09204029043552e-17
GlcGlc-CitCit,0.98,472,-0.382688957163819,0.702436180044824
GlcGlc-GlcCit,0.98,472,-8.76786800310357,2.15317366246094e-14
CitCit-GlcCit,0.98,472,-7.20834468494212,3.38979907279546e-11
GlcGlc-CitCit,0.98,473,0.807917371082182,0.421090274060786
GlcGlc-GlcCit,0.98,473,-8.6020216617502,5.63382629224923e-15
CitCit-GlcCit,0.98,473,-7.5833970767396,1.97071713031739e-11
GlcGlc-CitCit,0.98,474,0.343080587709493,0.731924530150886
GlcGlc-GlcCit,0.98,474,-12.9601314119643,1.99654824885029e-29
CitCit-GlcCit,0.98,474,-12.2210061105823,4.56937593370716e-26
GlcGlc-CitCit,0.98,475,1.26244533090736,0.208627516069129
GlcGlc-GlcCit,0.98,475,-11.7272368080213,1.54258896270619e-24
CitCit-GlcCit,0.98,475,-12.4339146692602,2.02796848722457e-23
GlcGlc-CitCit,0.98,476,-1.14248500487262,0.255899150696577
GlcGlc-GlcCit,0.98,476,-13.7649818529641,5.8774049723285e-28
CitCit-GlcCit,0.98,476,-8.9627831772795,4.04172211862464e-15
GlcGlc-CitCit,0.98,477,-0.82715788648376,0.409854241930797
GlcGlc-GlcCit,0.98,477,-7.72231699350634,2.21934476259083e-12
CitCit-GlcCit,0.98,477,-4.8627445083871,3.66776263756474e-06
GlcGlc-CitCit,0.98,478,1.11129055623222,0.268253490581938
GlcGlc-GlcCit,0.98,478,-9.75157885434072,4.23448930816415e-19
CitCit-GlcCit,0.98,478,-9.09497946659737,6.95577098342432e-16
GlcGlc-CitCit,0.98,479,1.50726169305268,0.133183423681602
GlcGlc-GlcCit,0.98,479,-9.52454623668141,1.89504822821296e-15
CitCit-GlcCit,0.98,479,-10.7679444768722,8.06099072648281e-18
GlcGlc-CitCit,0.98,480,3.19143099420657,0.00161265385090587
GlcGlc-GlcCit,0.98,480,-6.45898903226926,1.00643583189255e-09
CitCit-GlcCit,0.98,480,-10.5554651471531,2.34944060081701e-19
GlcGlc-CitCit,0.98,481,0.62436592731088,0.533607675636205
GlcGlc-GlcCit,0.98,481,-10.514221978809,3.0301728754586e-21
CitCit-GlcCit,0.98,481,-8.51576117623022,3.09848885362173e-13
GlcGlc-CitCit,0.98,482,2.69966626938226,0.00772716365567737
GlcGlc-GlcCit,0.98,482,-8.3302047405296,4.15805047967254e-13
CitCit-GlcCit,0.98,482,-12.2679242971748,8.87754130129009e-19
GlcGlc-CitCit,0.98,483,0.947306482019761,0.344911576534483
GlcGlc-GlcCit,0.98,483,-14.7759891729115,3.09400873387711e-35
CitCit-GlcCit,0.98,483,-13.6502664786677,8.29143853432528e-27
GlcGlc-CitCit,0.98,484,2.17546289295957,0.0312305977858051
GlcGlc-GlcCit,0.98,484,-6.01310359494206,2.96530736289231e-08
CitCit-GlcCit,0.98,484,-7.92680200239023,7.27443550217377e-12
GlcGlc-CitCit,0.98,485,1.77799581627594,0.0773012708286926
GlcGlc-GlcCit,0.98,485,-6.81139702547475,1.91599295068506e-10
CitCit-GlcCit,0.98,485,-10.6402532667331,2.9225491550356e-18
GlcGlc-CitCit,0.98,486,-3.14416563646078,0.00213838518023681
GlcGlc-GlcCit,0.98,486,-11.0790955082088,2.39880890866159e-17
CitCit-GlcCit,0.98,486,-5.49618682578257,2.05036217055532e-07
GlcGlc-CitCit,0.98,487,3.09117195127807,0.00232651225686297
GlcGlc-GlcCit,0.98,487,-10.9284805789879,1.51554625919122e-23
CitCit-GlcCit,0.98,487,-13.2367787870475,1.55509463794838e-26
GlcGlc-CitCit,0.98,488,-2.75399801105963,0.00680178949322552
GlcGlc-GlcCit,0.98,488,-15.8566619338489,1.90179947582864e-35
CitCit-GlcCit,0.98,488,-9.67485699367821,1.8674087265777e-17
GlcGlc-CitCit,0.98,489,-0.215471203754134,0.82963493606164
GlcGlc-GlcCit,0.98,489,-8.90368971080679,1.26095985096473e-13
CitCit-GlcCit,0.98,489,-8.41770425070324,8.41929295265603e-13
GlcGlc-CitCit,0.98,490,3.78184205001457,0.000199822770349246
GlcGlc-GlcCit,0.98,490,-8.58085912992414,1.11950787831766e-15
CitCit-GlcCit,0.98,490,-12.3263830182592,4.68341094446189e-26
GlcGlc-CitCit,0.98,491,-0.299409628481834,0.764917083534561
GlcGlc-GlcCit,0.98,491,-9.78776717853131,1.21578386419347e-18
CitCit-GlcCit,0.98,491,-10.1062102613662,1.50944523832373e-19
GlcGlc-CitCit,0.98,492,2.07131772331216,0.0396156532809373
GlcGlc-GlcCit,0.98,492,-7.71872681173398,5.85114710232632e-13
CitCit-GlcCit,0.98,492,-9.60893318685916,9.94284811296363e-18
GlcGlc-CitCit,0.98,493,-3.82434836335618,0.000212857230674298
GlcGlc-GlcCit,0.98,493,-16.2468032163509,6.89825538170427e-30
CitCit-GlcCit,0.98,493,-9.06299137087059,6.18674416587301e-16
GlcGlc-CitCit,0.98,494,-2.22769184635634,0.0275606486484215
GlcGlc-GlcCit,0.98,494,-11.6247302321057,9.8048820938889e-23
CitCit-GlcCit,0.98,494,-6.64699275677037,4.01243740474104e-10
GlcGlc-CitCit,0.98,495,-1.78725038779161,0.0776709799080501
GlcGlc-GlcCit,0.98,495,-13.3761500481868,2.01732809972199e-28
CitCit-GlcCit,0.98,495,-7.32068513038563,1.2840758772311e-10
GlcGlc-CitCit,0.98,496,1.16062449476882,0.24706710602287
GlcGlc-GlcCit,0.98,496,-8.9304740944339,1.04019833510705e-14
CitCit-GlcCit,0.98,496,-10.3077168214613,3.9585642549315e-17
GlcGlc-CitCit,0.98,497,-0.235331698837529,0.814402103900448
GlcGlc-GlcCit,0.98,497,-12.9346566238194,1.23133854968103e-23
CitCit-GlcCit,0.98,497,-10.6055696940542,6.07558621872666e-19
GlcGlc-CitCit,0.98,498,-0.420107553928805,0.674910339843516
GlcGlc-GlcCit,0.98,498,-10.0038044105327,1.68491331204519e-19
CitCit-GlcCit,0.98,498,-8.28577267533908,7.71440996235424e-14
GlcGlc-CitCit,0.98,499,0.393692535845356,0.69435874202642
GlcGlc-GlcCit,0.98,499,-6.71611207978088,3.27273204439755e-10
CitCit-GlcCit,0.98,499,-6.44098766466083,2.53457167521531e-09
GlcGlc-CitCit,0.98,500,4.03187725466062,7.47355320692482e-05
GlcGlc-GlcCit,0.98,500,-10.2772038977105,8.97870466948275e-16
CitCit-GlcCit,0.98,500,-13.6501164910631,2.73360545183156e-20
